Temperature_C,Humidity_pct,Occupants,Home_Size_sqft,AC_Hours,Fan_Hours,Fridge_Hours,WashingMachine_Hours,TV_Hours,Computer_Hours,WaterHeater_Hours,Previous_Day_kWh,Solar_Available,Weekday,Month,Daily_Consumption_kWh,Energy_Waste
30.8,61.4,2,2203,1.8,6.4,17.0,2.2,3.1,2.3,1.5,29.4,0,1,9,28.78,1
36.6,61.3,1,1660,1.3,7.6,13.0,2.7,3.8,5.6,2.3,22.5,1,1,7,26.1,1
20.1,73.3,2,1276,3.0,12.4,15.4,0.4,2.3,2.2,1.0,19.9,1,0,4,19.05,0
37.4,38.8,6,1402,9.0,10.8,18.6,1.3,3.8,0.0,1.2,21.6,0,0,2,33.7,0
28.8,91.5,3,1235,5.6,12.0,12.4,3.1,2.1,4.0,1.9,19.5,0,1,3,29.28,0
25.0,66.6,4,1046,7.2,11.1,20.3,0.3,1.2,3.1,1.8,6.9,0,0,10,28.58,1
25.0,63.5,3,1054,1.9,8.8,17.1,1.8,0.0,3.6,1.5,11.7,0,1,6,19.2,0
23.6,84.8,1,1336,4.1,12.2,24.0,3.1,4.8,3.9,1.4,18.5,0,0,11,29.09,1
27.9,77.5,5,1137,1.1,8.5,15.4,2.2,4.1,2.1,0.7,9.1,0,1,9,23.22,1
33.2,72.3,2,959,1.5,9.9,14.5,2.6,2.7,4.9,1.1,7.7,1,0,6,13.75,0
31.9,52.1,3,1001,3.5,9.8,15.1,4.7,1.9,0.0,0.5,19.9,0,1,8,29.32,1
32.2,80.6,6,1581,1.5,13.5,22.5,3.6,4.9,5.1,0.5,18.6,0,0,3,37.62,1
20.5,68.7,1,2128,1.3,12.5,17.5,1.2,3.7,5.8,0.8,14.7,0,1,10,27.22,1
21.1,53.2,5,994,4.3,7.9,17.1,1.0,4.0,1.6,1.0,13.4,1,1,7,20.6,0
36.8,62.4,1,1272,1.8,7.0,12.2,3.1,4.4,4.7,0.3,13.9,0,1,12,25.23,1
33.8,69.0,1,1644,4.5,9.1,14.3,2.0,4.7,5.2,0.8,22.5,0,0,7,32.65,1
39.9,54.3,2,959,6.4,6.3,18.5,1.5,3.6,6.7,1.3,15.6,0,1,9,33.93,1
35.0,77.0,2,1859,2.7,15.5,17.2,2.1,6.1,5.1,0.1,10.1,0,1,10,28.64,1
23.9,57.0,6,1630,1.6,7.8,24.0,0.2,4.8,0.0,2.2,7.9,0,1,5,26.28,1
35.4,77.5,5,1584,5.0,6.9,15.3,0.3,2.9,5.3,3.1,28.1,0,1,7,39.31,1
32.1,69.0,4,1186,3.3,7.1,15.8,0.6,4.1,4.5,2.9,25.0,0,0,1,30.29,1
30.1,71.6,6,1937,6.0,11.3,17.9,1.1,5.7,2.7,0.3,16.2,0,0,10,29.79,0
24.9,50.7,6,1122,2.1,11.5,17.5,0.8,5.4,0.0,0.3,9.9,0,1,2,22.66,1
29.0,66.2,3,1448,1.9,5.7,12.9,1.1,1.9,2.5,1.6,22.0,0,1,7,25.98,1
28.3,73.6,3,1359,3.6,11.6,15.7,1.3,1.1,9.1,1.0,16.9,0,1,2,31.46,1
33.5,69.7,4,1763,3.9,7.6,15.2,2.9,3.8,3.0,1.3,12.6,1,0,5,27.45,1
29.6,59.7,6,400,3.2,10.7,20.7,1.2,2.7,5.4,0.6,11.7,1,1,9,22.25,1
36.9,69.8,3,586,3.2,9.3,19.1,0.3,2.1,1.4,2.3,18.9,0,0,4,24.03,0
25.1,60.0,5,1782,0.3,11.0,14.4,0.9,2.4,1.8,0.3,19.9,0,1,9,25.34,1
31.4,64.2,1,490,0.9,10.3,17.8,0.8,3.0,1.3,1.5,21.5,0,1,10,21.62,1
31.5,81.8,2,1341,2.5,3.2,17.3,2.1,2.6,4.7,1.1,24.0,1,0,11,23.28,1
24.7,88.4,5,513,3.1,11.3,19.5,0.8,3.2,4.6,0.9,10.8,0,1,11,24.21,1
23.1,89.9,6,1566,5.8,6.1,24.0,0.3,6.1,3.0,0.8,14.3,0,0,10,27.25,0
34.1,73.2,6,649,7.5,8.4,16.5,0.5,0.8,5.0,0.7,16.9,0,1,9,34.35,1
31.6,56.9,4,1813,3.3,5.9,22.1,0.8,6.6,0.0,0.1,4.0,0,1,3,24.73,1
28.2,61.1,3,589,2.0,6.0,17.3,0.1,0.8,1.9,0.2,23.7,0,0,6,18.46,0
31.0,80.6,3,1193,5.1,10.6,19.2,1.7,6.6,1.3,0.2,11.8,0,0,3,24.19,0
25.6,66.8,5,1635,2.8,14.1,17.0,2.4,3.5,3.5,0.0,12.8,0,1,6,27.93,1
30.2,86.8,3,2009,7.0,12.1,18.4,1.7,4.7,0.0,0.5,10.1,1,1,6,27.74,1
26.0,60.1,6,1283,8.4,7.7,13.3,1.2,4.3,2.5,2.0,10.7,0,1,10,34.75,1
29.9,77.7,3,1348,1.7,10.0,21.8,3.8,3.2,6.5,2.9,20.5,0,0,12,33.13,1
33.9,46.6,6,666,3.6,11.9,15.9,0.5,4.8,5.5,1.4,8.1,0,0,3,30.15,1
27.3,60.5,5,866,5.3,6.1,17.2,0.5,2.6,4.3,0.2,4.0,0,0,12,20.63,0
33.2,72.3,2,1474,0.5,7.4,22.7,1.8,5.2,3.9,0.1,30.0,0,0,9,30.38,1
23.8,70.7,4,973,4.8,10.7,21.8,2.0,3.9,3.1,2.1,24.0,0,0,5,31.24,1
27.6,67.3,1,479,1.6,6.5,17.9,2.0,4.8,2.8,1.8,21.1,1,1,8,17.55,0
22.2,49.1,5,1055,3.6,9.6,19.9,2.5,0.0,5.3,2.7,20.7,0,1,2,25.67,0
28.5,66.5,1,1391,7.9,8.6,22.3,3.8,0.0,7.4,0.9,21.8,1,1,11,28.61,1
29.4,60.7,1,749,9.6,5.1,23.2,0.0,7.5,0.0,0.4,7.0,0,1,2,25.77,1
28.0,55.6,1,1654,8.4,7.1,23.0,0.7,5.8,3.5,0.7,14.7,0,0,8,31.03,1
27.7,68.0,5,1536,0.3,10.8,24.0,3.0,2.2,2.5,0.5,28.8,0,1,7,27.17,1
35.7,53.2,6,755,11.7,10.6,17.8,3.1,0.0,0.0,2.0,15.1,0,0,3,38.71,1
36.1,55.7,3,1435,3.6,7.7,13.4,1.9,3.7,5.2,2.1,23.0,0,1,8,34.17,1
22.9,95.0,6,400,3.8,6.6,13.2,0.5,3.9,2.2,0.2,22.3,0,1,3,25.31,1
34.9,69.9,4,551,3.0,12.6,17.4,2.8,2.5,4.6,0.5,18.0,0,1,6,27.64,1
20.4,82.3,4,1534,2.6,11.2,23.3,4.5,5.8,8.4,0.6,14.6,1,1,8,27.44,1
25.3,57.6,6,1038,1.7,14.0,13.6,1.2,4.5,1.6,0.6,11.1,0,0,12,24.32,1
28.1,58.3,3,773,1.0,12.3,18.4,2.9,3.0,5.7,0.1,11.8,0,1,10,23.14,1
29.6,46.1,2,1455,5.6,6.5,23.8,1.3,6.0,4.4,0.9,30.0,0,1,5,30.6,1
23.8,46.0,5,1360,0.9,9.6,17.6,1.3,5.4,4.2,0.7,22.9,0,0,11,22.02,0
25.4,46.7,5,1512,2.6,12.0,16.3,0.9,4.3,3.4,0.5,12.8,1,1,5,23.18,1
29.4,71.3,5,1453,2.9,10.2,15.8,0.2,0.0,5.4,0.2,19.6,0,0,9,27.77,1
25.5,51.4,4,1693,4.6,10.4,15.0,2.9,3.0,5.1,1.3,17.8,1,0,5,23.59,0
25.8,52.3,2,1360,2.1,8.8,20.1,1.7,1.5,3.1,0.9,13.5,0,1,10,19.94,0
32.3,56.0,1,1719,6.3,6.7,12.3,1.4,0.0,3.0,1.8,14.6,0,0,1,29.4,1
33.7,74.6,5,2196,3.3,9.7,17.6,2.9,2.4,0.6,1.4,24.7,0,1,10,36.01,1
28.7,58.9,3,902,2.1,9.1,16.8,3.0,0.3,4.2,1.3,16.1,0,1,2,26.03,1
29.1,73.0,1,1418,6.0,4.1,17.3,3.9,2.8,2.6,0.4,18.2,0,0,6,28.61,1
28.9,49.8,1,1064,1.1,7.4,19.6,1.7,4.8,0.3,0.1,15.3,0,1,7,18.83,1
26.7,72.8,6,1795,9.8,7.4,20.3,0.7,2.1,3.5,0.4,18.5,0,0,4,35.64,1
26.4,64.1,1,1761,4.6,6.6,16.5,1.1,1.4,4.7,3.0,23.1,1,1,1,28.24,1
23.8,72.8,1,1482,1.0,8.2,24.0,6.4,2.8,3.5,2.5,4.6,1,1,9,21.04,1
32.2,48.3,1,1997,3.7,7.5,15.3,0.7,4.2,1.7,0.3,17.9,0,0,4,28.14,1
28.6,62.1,1,1513,2.6,15.0,14.8,2.0,3.3,1.9,2.3,23.1,0,0,7,27.17,1
28.3,64.1,1,400,6.6,14.2,22.6,3.3,1.6,4.8,0.6,23.1,0,1,6,24.44,0
30.0,54.4,3,1170,5.5,11.4,15.8,1.2,6.6,3.2,1.3,21.1,0,1,9,30.54,1
31.7,72.4,1,1449,2.1,10.1,20.5,1.0,0.9,0.0,3.0,16.1,0,1,2,31.52,1
36.1,65.1,1,1515,5.0,9.6,21.2,2.9,1.6,4.5,1.2,15.8,0,1,3,35.19,1
27.6,71.7,4,1342,6.7,1.4,19.2,3.5,5.2,1.9,0.6,13.6,0,1,11,28.25,1
27.0,56.0,6,2117,3.5,8.9,17.3,7.1,3.8,1.4,0.1,18.3,0,1,11,35.01,1
30.0,67.2,6,1043,3.6,12.9,19.5,3.0,2.6,3.8,0.7,16.1,0,0,10,30.35,1
24.8,44.5,4,1837,5.2,15.0,8.4,5.3,1.8,4.5,0.9,9.5,0,1,11,34.05,1
35.4,73.9,3,1475,4.7,11.2,24.0,0.2,3.3,4.5,0.1,16.4,1,1,7,26.44,1
33.6,45.3,4,1258,1.5,8.1,15.2,1.0,5.0,3.3,0.0,25.6,0,1,9,28.59,1
32.5,54.6,3,1361,1.9,13.1,14.0,2.4,7.2,2.1,0.3,16.8,0,0,9,28.67,1
28.4,65.4,4,1867,4.2,7.5,24.0,3.6,0.3,4.6,2.9,25.2,0,1,2,34.85,1
32.7,71.7,4,1643,5.9,7.2,21.7,1.7,3.1,1.1,0.7,16.6,0,0,1,29.13,0
34.3,65.8,6,532,3.3,4.9,14.5,0.2,6.6,2.5,0.3,13.5,0,0,3,26.17,1
31.5,35.7,1,1896,4.6,9.2,20.1,1.3,8.6,0.8,1.6,10.8,1,1,7,26.48,1
27.6,46.3,1,400,0.3,15.2,24.0,0.8,0.0,6.4,1.0,20.3,0,1,5,21.85,1
20.6,52.2,4,1317,0.2,4.5,19.7,0.5,3.6,6.4,0.7,24.2,0,0,4,24.9,1
33.7,62.2,2,1363,9.9,9.7,16.0,1.3,2.6,1.5,1.0,7.9,0,1,6,29.05,0
27.2,44.6,1,1737,3.3,13.5,18.6,0.6,8.6,5.8,1.7,18.4,0,1,1,29.24,1
24.8,51.7,2,1185,1.6,9.2,18.7,1.6,0.5,2.7,0.5,26.8,0,1,2,22.19,1
33.5,68.8,4,577,1.0,9.7,15.1,6.4,0.6,1.6,2.0,25.8,0,1,12,31.37,1
30.7,64.8,5,1220,3.4,8.8,13.1,0.9,4.3,2.6,0.1,10.0,0,1,11,27.12,1
21.9,70.5,6,913,5.0,11.5,24.0,2.6,4.1,1.3,2.4,16.3,0,1,8,28.13,0
28.5,68.6,6,1393,2.7,3.6,24.0,3.0,2.7,2.3,0.0,16.3,0,1,7,29.89,1
27.7,42.8,5,635,6.8,9.4,18.7,2.8,5.9,3.2,1.2,17.5,1,0,12,26.92,1
34.0,48.8,5,1111,7.9,8.5,14.2,3.6,7.2,0.6,2.4,4.1,0,1,12,31.93,1
19.5,64.0,1,1140,2.6,13.1,17.9,1.3,5.6,6.3,1.2,11.2,0,0,1,24.14,1
27.1,67.8,2,2561,5.4,10.4,23.1,1.0,2.6,2.1,1.9,4.7,0,1,9,30.97,1
28.3,54.9,2,1324,4.5,8.0,15.3,0.2,0.0,4.2,5.0,25.8,0,1,2,29.53,1
36.1,76.1,1,1571,5.9,5.7,23.7,0.9,1.0,3.7,0.1,25.4,0,1,5,33.0,1
23.6,53.0,3,1089,3.2,7.6,22.6,1.5,5.1,3.0,0.9,16.5,0,0,4,23.59,1
16.0,55.3,1,1749,4.1,9.8,21.3,0.3,2.5,5.1,0.3,20.1,0,1,11,28.1,1
22.1,62.7,4,1112,2.1,11.2,18.3,1.3,3.9,1.8,1.4,22.3,0,0,12,24.28,1
30.3,66.4,4,1467,1.0,11.2,18.1,3.7,5.8,5.8,0.9,17.6,0,1,6,30.03,1
33.0,54.1,5,1107,6.6,10.7,22.5,2.4,4.8,3.8,0.1,20.9,0,1,1,35.08,1
37.7,61.5,4,1440,1.7,9.5,16.6,0.8,3.8,7.8,0.6,15.9,1,1,9,26.62,1
31.0,49.1,2,1611,5.7,10.8,20.0,2.0,2.6,5.8,2.2,24.0,1,0,8,34.54,1
25.0,52.4,5,1153,5.2,8.4,22.2,6.4,4.1,3.6,0.2,7.5,0,1,3,26.63,0
33.4,84.1,5,2796,2.5,11.6,21.5,1.5,3.9,1.3,0.8,19.4,1,1,11,32.49,1
28.9,46.7,1,1105,4.4,2.6,24.0,1.0,1.6,0.0,1.7,15.5,0,0,10,21.39,0
28.0,84.0,1,1047,4.7,7.8,17.1,0.6,3.4,3.6,0.7,32.7,0,0,6,28.75,1
29.1,54.5,6,882,3.6,9.1,20.8,0.4,5.5,1.4,2.2,23.2,0,1,1,30.99,1
35.4,80.2,2,1261,3.8,4.6,24.0,3.3,4.2,0.0,2.3,4.9,0,1,1,27.03,1
24.5,56.3,4,1630,9.0,8.4,15.8,0.2,5.6,5.2,1.3,33.6,0,1,2,35.3,1
23.9,47.8,3,1164,4.2,11.8,14.1,2.0,5.4,2.5,1.4,11.4,0,1,7,24.33,1
28.7,61.5,6,1047,1.4,10.4,18.3,0.9,4.3,5.3,0.4,25.3,0,0,6,30.16,1
28.7,62.5,3,892,6.1,10.1,22.6,3.2,2.8,2.2,0.6,29.3,0,1,10,32.75,1
24.9,66.2,3,1516,7.7,9.7,16.5,3.4,3.2,3.0,1.7,11.2,0,0,10,23.9,0
24.6,48.7,5,1228,2.9,4.4,19.0,2.1,0.1,2.7,1.7,31.4,1,0,5,27.54,1
30.9,41.9,1,1169,4.0,7.4,15.0,4.5,0.0,5.3,0.1,19.5,0,0,4,27.38,1
35.7,59.6,5,1189,7.9,9.4,17.8,2.5,0.0,2.0,0.3,23.0,0,1,8,32.85,1
32.6,56.1,1,1048,2.1,7.7,13.9,4.9,2.7,3.1,1.8,8.7,0,1,1,23.99,1
32.4,51.8,2,1074,3.2,8.0,16.2,1.6,6.4,4.7,0.8,15.8,0,1,5,25.47,1
35.2,61.5,3,879,5.1,10.2,10.2,1.0,4.6,4.3,0.8,29.5,1,1,9,28.99,1
19.0,81.9,3,1363,3.4,7.2,20.8,2.1,2.9,2.7,0.4,23.8,0,0,5,28.95,1
21.4,80.3,3,1009,11.0,10.9,12.0,2.3,3.7,3.8,2.2,21.6,0,1,3,33.05,1
25.5,67.5,6,1589,3.2,6.0,21.5,1.6,4.3,2.7,1.0,8.8,0,0,10,28.27,1
23.0,82.1,5,1362,1.7,9.5,17.7,2.0,6.7,3.1,0.3,19.3,0,1,5,26.99,1
24.1,90.8,1,517,1.2,8.5,22.5,1.1,4.5,0.0,2.0,17.7,0,1,9,18.56,0
29.3,84.2,3,1925,4.8,10.9,17.4,0.5,2.3,0.1,0.5,17.6,0,1,2,27.57,1
22.6,39.3,1,1072,5.5,8.2,19.9,1.5,5.5,0.3,2.3,22.3,0,1,6,25.09,0
26.8,53.1,3,1625,6.1,5.3,24.0,0.2,6.8,0.3,1.1,13.0,0,1,2,29.43,1
18.8,67.9,6,1164,0.7,8.8,17.5,2.3,3.4,3.9,1.0,11.8,0,0,12,25.46,1
24.1,77.3,6,1335,3.4,11.8,12.7,0.3,6.9,6.1,0.3,13.2,0,1,12,29.9,1
35.7,46.2,3,1660,3.5,4.1,11.6,1.1,2.0,2.3,2.1,10.0,1,0,12,26.66,1
26.3,94.9,4,1082,4.7,11.1,19.5,0.5,6.4,4.5,0.4,23.3,0,1,7,30.87,1
30.6,54.5,3,749,2.9,10.9,19.0,0.5,4.2,4.0,0.1,15.0,0,1,2,24.62,1
32.5,50.1,6,900,2.6,6.0,22.2,3.2,3.3,1.9,0.8,31.2,0,0,6,29.46,1
26.5,34.4,4,1862,7.5,14.6,22.7,2.9,7.1,3.1,0.2,25.4,0,0,4,34.03,0
31.9,76.8,1,1173,1.0,8.8,8.0,1.7,6.8,2.0,1.2,32.0,0,0,10,28.82,1
30.1,78.2,5,622,1.1,9.3,15.0,0.9,2.8,6.3,0.7,22.2,0,1,8,27.2,1
32.5,77.0,5,1271,2.5,12.4,18.6,2.0,3.9,1.8,1.1,13.4,0,1,8,31.28,1
25.8,67.3,3,786,1.4,13.5,22.8,3.8,0.6,2.1,0.5,16.9,0,0,5,22.92,1
21.8,69.2,2,660,4.8,8.4,13.2,0.3,3.4,3.5,0.4,14.4,1,0,12,18.52,1
23.9,65.7,1,1571,2.8,5.2,20.3,1.8,4.6,4.3,0.5,18.0,0,0,3,24.15,1
26.2,89.8,3,1691,4.9,9.3,17.3,1.1,4.3,2.3,0.4,21.3,1,1,9,24.08,0
31.7,74.5,2,1147,0.8,6.0,18.0,0.7,4.1,1.5,0.6,15.2,1,1,1,20.27,1
28.0,79.3,3,736,2.9,9.4,16.7,0.6,1.6,3.9,1.1,16.5,0,0,8,21.22,0
27.0,40.7,3,400,1.7,8.1,22.6,0.8,4.6,4.9,1.3,22.7,0,1,7,21.12,0
28.1,41.0,3,1385,4.7,7.6,17.4,2.6,1.2,2.3,2.0,19.7,0,0,7,29.34,1
34.5,80.5,1,1621,7.1,8.4,22.0,3.0,1.0,7.3,0.1,21.1,0,1,4,33.25,1
26.1,72.9,4,680,2.4,8.4,24.0,0.9,4.3,2.8,0.3,13.8,0,1,5,25.19,1
36.6,71.6,4,2027,3.1,7.2,20.0,2.0,6.4,2.4,0.2,11.0,1,1,3,25.79,0
22.9,63.0,3,400,8.1,10.2,18.8,0.3,0.0,2.5,1.6,15.9,0,1,5,25.09,1
26.0,68.5,6,790,2.9,10.4,18.8,1.6,0.9,0.2,0.6,19.6,1,1,9,21.23,1
33.3,57.9,6,1859,6.9,6.5,11.8,2.2,0.1,3.3,1.0,7.9,0,1,10,28.48,0
31.6,73.3,3,1847,4.1,7.9,17.7,0.7,4.4,2.0,0.4,21.9,0,1,3,35.52,1
24.7,40.6,4,513,2.7,9.1,16.2,1.1,4.8,4.6,0.7,28.5,0,0,7,24.69,1
28.5,65.6,2,1680,1.5,10.4,17.8,1.4,2.2,3.2,0.8,21.1,0,1,4,28.71,1
25.5,55.2,3,1900,6.2,8.5,13.7,1.3,1.3,1.7,0.5,8.8,1,0,8,20.8,0
33.3,51.9,6,1645,8.6,12.0,19.9,1.9,0.2,3.5,0.1,17.9,0,0,2,35.38,1
31.7,60.9,5,1286,7.0,6.6,23.2,2.4,1.6,3.7,0.2,16.7,0,0,3,29.6,0
25.4,61.3,3,1339,1.8,3.1,20.7,0.4,3.7,4.6,0.8,6.3,0,0,2,23.58,1
31.0,62.4,1,564,6.2,9.6,23.4,2.5,2.8,3.1,1.3,12.9,0,0,4,28.8,1
27.2,87.7,3,1268,1.5,14.5,19.2,0.9,1.9,0.7,0.6,19.2,0,0,4,22.53,0
28.6,46.7,1,1204,5.6,5.1,11.2,2.1,0.5,3.7,2.6,12.8,0,0,11,25.47,1
29.3,50.5,3,760,1.8,14.5,21.9,0.5,5.0,3.7,0.2,13.0,1,1,3,19.74,1
26.2,64.3,1,756,2.6,7.5,22.1,8.0,1.5,4.1,1.2,24.7,1,1,4,27.89,1
31.1,63.9,5,947,3.1,8.9,17.4,2.2,4.1,2.8,0.1,21.4,0,1,12,29.16,1
31.3,69.6,3,1123,5.4,9.4,22.5,1.4,2.0,2.5,2.2,19.8,0,0,4,32.3,1
31.1,77.2,3,1751,3.7,9.3,23.0,1.9,4.0,5.8,0.2,19.4,0,1,2,30.3,1
34.5,68.9,5,1334,4.0,5.3,16.8,2.4,0.9,3.3,0.3,17.9,1,0,9,27.36,1
27.6,51.6,5,1517,7.8,14.0,11.4,2.5,4.5,6.6,0.5,10.4,0,1,12,34.47,1
21.6,95.0,3,1793,1.9,4.4,17.0,1.9,2.1,4.1,1.6,16.4,0,1,11,25.97,1
26.6,66.8,5,725,4.1,12.0,12.6,1.0,5.1,3.5,0.8,21.0,0,1,9,28.51,1
30.0,64.6,1,1260,1.1,10.2,17.2,0.8,2.9,4.9,1.2,7.0,0,1,3,20.77,1
29.1,65.1,1,1061,1.7,8.2,12.1,1.3,0.0,5.4,0.0,26.8,0,1,2,27.8,1
31.9,52.0,3,925,9.3,10.3,14.5,0.6,6.2,4.8,1.9,19.1,0,0,6,37.18,1
33.0,53.2,3,1603,4.2,12.9,19.0,2.5,3.7,1.4,0.1,4.0,0,0,11,23.49,0
28.4,64.3,5,1221,2.4,4.6,18.8,1.0,3.8,2.3,1.4,31.4,0,0,9,28.28,1
28.4,67.8,6,2001,7.4,6.3,16.7,0.2,6.6,1.7,0.3,21.9,0,0,1,35.11,1
24.1,71.6,6,1055,4.9,2.3,22.0,1.8,2.6,5.0,0.5,7.6,1,0,2,24.35,1
34.2,49.2,1,1894,5.3,14.4,16.1,1.6,1.6,2.1,1.2,14.0,1,0,7,28.19,1
27.7,74.0,4,784,1.9,11.1,19.9,1.7,6.0,4.4,0.4,26.2,1,1,2,23.06,1
23.6,48.5,2,1590,5.0,15.3,20.0,2.3,6.5,4.5,0.4,17.0,0,1,5,29.59,1
23.4,79.2,1,1003,4.2,9.2,21.4,0.7,1.6,4.0,2.3,11.8,0,0,9,23.27,1
26.9,95.0,5,1616,0.6,7.4,16.1,1.7,1.2,4.1,2.6,10.9,0,0,7,24.71,1
36.8,45.7,6,1629,9.3,3.1,24.0,0.6,2.2,0.8,1.1,12.0,0,1,11,30.08,0
32.9,71.1,4,1803,2.9,4.7,21.1,1.7,1.5,0.6,3.1,18.2,0,0,5,30.78,1
20.5,78.8,5,1045,3.5,11.6,21.6,1.8,3.8,7.4,0.0,31.8,0,1,1,33.01,1
28.4,57.1,4,1517,4.1,4.3,14.2,1.7,5.5,2.6,0.9,25.8,1,0,2,24.3,0
30.3,84.8,2,932,1.9,9.5,14.7,0.9,3.1,0.7,0.1,20.1,0,0,5,25.11,1
32.1,42.4,6,958,1.9,8.1,15.6,3.3,2.1,4.3,1.5,25.1,0,1,9,28.4,1
30.7,55.0,2,1228,4.5,10.6,17.9,3.5,1.6,6.8,0.6,12.4,0,1,8,30.55,1
25.8,72.2,3,400,3.9,7.6,15.9,0.6,6.0,2.8,0.5,11.1,0,0,10,20.7,1
31.1,86.1,2,1531,7.0,8.6,17.4,2.0,2.9,1.9,0.5,11.0,0,0,5,25.91,0
26.2,56.7,6,878,4.3,4.9,23.7,0.6,4.1,1.1,0.3,21.8,0,1,6,26.17,1
17.8,43.2,3,1442,2.3,8.3,20.7,0.4,4.5,3.3,0.7,31.4,0,0,8,32.89,1
25.5,71.6,5,816,2.2,6.8,17.8,0.4,5.1,3.7,1.4,29.6,0,0,8,28.14,1
25.6,87.8,5,1289,9.4,7.0,20.7,0.8,6.3,0.0,2.0,6.0,0,0,4,30.14,1
33.8,71.6,1,706,0.7,6.0,14.5,2.3,4.8,2.6,2.0,18.1,0,1,12,19.28,0
34.3,53.2,3,1638,1.9,10.1,14.7,0.6,0.0,2.9,1.6,6.1,0,0,5,30.0,1
23.8,43.6,4,1463,2.4,11.3,17.6,2.4,7.6,4.2,1.0,20.4,0,0,4,27.07,1
29.9,95.0,5,1172,4.8,8.0,22.7,0.1,3.7,1.5,0.5,28.2,0,0,11,34.38,1
29.5,67.2,4,1177,0.2,10.3,21.1,1.0,5.9,1.5,1.2,18.0,0,1,11,24.83,1
21.8,39.7,4,695,1.2,9.6,21.2,4.4,3.0,4.5,3.7,21.9,0,1,8,27.28,1
18.7,37.8,2,1063,1.8,7.7,24.0,3.0,2.9,3.7,1.0,9.7,0,0,4,18.62,0
28.5,82.3,5,1988,2.5,11.4,17.3,0.6,3.2,3.4,1.1,11.8,1,0,4,27.17,1
29.7,83.2,1,1354,4.3,11.6,15.7,1.1,5.2,5.7,1.7,27.5,0,1,10,33.73,1
26.0,62.7,4,1902,1.5,8.2,20.3,1.6,0.0,4.1,1.1,28.6,0,0,9,25.5,0
16.0,57.3,3,1943,5.8,7.8,19.6,0.6,3.0,3.0,1.5,17.4,1,1,11,23.86,0
28.9,75.2,4,400,5.1,9.7,15.2,2.9,5.1,3.4,1.1,23.6,0,0,7,30.2,1
26.1,76.5,1,1449,7.2,9.5,8.9,0.1,4.5,2.2,2.1,9.7,0,1,1,30.03,1
24.6,67.6,2,1461,2.8,8.2,22.9,0.3,4.7,5.7,1.9,20.9,1,0,7,24.48,1
27.4,45.6,1,1837,6.6,9.0,19.4,2.1,0.0,4.0,1.9,30.5,0,1,8,33.29,1
23.4,68.6,4,1331,8.1,5.3,19.8,2.4,1.3,0.8,0.7,9.7,0,1,8,27.56,1
31.8,95.0,1,400,4.2,4.8,15.2,1.1,0.8,3.3,1.5,20.0,1,1,10,22.46,1
29.1,48.4,1,1474,2.3,9.4,18.3,1.3,7.0,5.9,3.6,19.9,0,0,11,29.5,1
26.2,52.9,6,2203,3.7,6.2,16.3,0.4,5.1,7.7,2.1,15.1,0,1,2,32.6,1
30.4,52.3,1,1034,0.7,9.7,20.0,0.1,3.8,0.0,0.4,26.7,0,1,4,18.99,0
28.8,52.1,5,862,1.3,6.0,22.5,0.1,3.3,4.1,0.3,26.5,1,1,7,23.49,1
21.4,86.7,3,1372,3.7,11.5,18.6,1.1,3.5,2.0,0.2,22.5,0,0,10,29.59,1
28.3,74.8,5,1375,2.4,13.5,16.8,1.5,3.2,4.8,1.0,22.2,0,1,11,30.88,1
26.7,48.9,2,696,10.8,10.5,21.4,1.7,4.4,3.7,0.3,22.1,0,0,5,29.8,0
20.3,47.0,5,1948,1.9,6.3,24.0,0.1,4.1,0.0,0.1,21.1,1,1,5,21.84,1
25.7,62.7,6,2313,5.6,9.0,22.7,1.0,4.4,3.4,2.7,7.5,0,1,5,36.05,1
31.1,53.4,1,1196,2.7,12.6,24.0,2.9,3.5,0.0,0.2,22.6,0,1,1,28.01,1
25.9,69.0,1,719,4.9,13.0,24.0,2.3,3.3,0.0,0.6,17.2,0,0,5,23.02,1
36.0,67.1,3,963,7.1,10.4,14.5,1.3,5.8,1.8,0.6,6.2,0,0,5,28.11,1
37.5,41.1,2,1577,6.5,12.4,18.8,5.6,1.3,4.8,3.3,19.5,0,1,9,38.91,1
27.5,91.9,6,400,2.4,9.5,20.8,1.0,3.8,6.3,2.1,22.2,1,1,4,27.53,1
31.8,52.2,6,1274,2.8,8.2,11.9,0.4,4.9,8.4,1.0,18.7,0,1,1,31.74,1
39.0,85.1,4,749,8.5,7.2,10.5,0.6,1.5,4.9,1.0,4.0,1,0,2,26.13,1
27.3,66.3,2,495,1.5,3.1,17.0,1.0,4.7,1.7,2.2,7.6,0,0,4,17.69,1
24.5,59.6,3,977,6.1,7.4,17.5,0.9,2.7,3.0,0.6,30.0,0,1,9,27.56,1
26.9,32.5,3,1518,2.7,7.5,13.1,3.2,5.3,0.8,1.8,12.6,0,1,8,27.71,1
22.1,54.2,2,1094,8.2,12.8,15.8,1.7,3.8,3.9,0.5,16.4,0,0,12,28.5,1
22.3,80.3,4,1277,1.7,5.9,18.6,2.2,4.1,0.0,0.7,15.8,0,1,6,20.33,0
30.0,76.3,5,2100,2.6,5.0,18.9,1.1,4.4,4.9,0.5,17.3,1,0,1,29.32,1
26.9,50.9,3,1158,5.7,18.0,20.1,1.2,7.5,3.8,0.8,25.8,0,0,11,34.03,1
30.2,25.3,6,751,4.1,5.1,21.3,1.6,4.0,0.2,1.5,25.1,0,1,1,29.25,1
31.4,67.6,5,1250,1.1,10.7,17.6,0.7,8.4,4.1,0.3,12.4,0,0,3,26.03,1
25.2,44.8,6,1067,3.4,9.3,16.7,1.1,6.9,4.5,0.3,27.3,0,1,6,33.37,1
28.0,60.5,5,1729,3.4,4.2,23.0,0.6,5.8,0.4,2.9,4.0,0,0,4,25.4,1
27.7,47.8,2,801,2.2,8.7,22.1,1.9,2.4,6.3,3.7,21.8,1,0,12,24.74,1
25.7,82.5,4,758,3.0,9.0,21.1,0.5,3.9,2.1,1.1,15.2,0,1,10,25.88,1
24.8,55.2,5,972,0.5,5.7,24.0,2.3,4.7,2.9,0.9,11.5,0,0,1,22.01,1
30.6,65.6,2,1319,3.2,9.9,18.9,2.5,8.4,3.5,1.3,5.5,0,1,5,29.2,1
28.3,61.1,5,1658,3.8,3.3,19.7,3.5,3.3,5.5,1.0,24.1,0,0,10,27.52,0
30.7,54.1,1,1694,0.5,7.8,22.2,0.8,3.3,2.7,2.1,11.9,0,1,6,26.16,1
34.0,74.7,2,1916,2.3,8.6,15.0,3.2,4.1,3.4,1.3,18.7,1,0,7,25.8,1
34.1,69.2,5,1443,0.7,7.4,21.0,1.0,2.9,0.2,0.8,8.5,0,0,4,23.72,1
23.4,68.7,3,894,3.8,6.9,11.4,4.7,1.2,0.0,0.9,22.1,1,1,6,24.15,1
24.7,58.1,3,1308,3.8,8.4,13.3,2.0,0.0,4.3,0.0,20.2,0,1,8,22.94,0
27.7,71.1,6,1990,5.2,5.5,22.0,1.5,1.2,5.9,1.2,16.4,0,1,4,29.74,0
29.6,47.6,5,850,0.6,11.1,21.5,2.8,5.3,3.1,0.3,28.1,1,0,12,18.53,0
33.7,67.9,2,982,0.6,8.2,22.6,2.1,2.9,3.2,0.7,9.5,0,0,2,26.12,1
24.2,60.2,3,702,1.5,12.2,24.0,0.2,4.2,2.4,0.6,13.7,1,1,7,18.01,1
26.8,25.0,3,1126,1.3,12.2,16.7,5.8,1.3,4.3,1.2,21.3,0,1,6,28.51,1
30.2,43.4,1,938,2.9,5.9,21.5,1.3,5.0,5.1,0.9,25.7,0,1,12,27.06,1
35.1,57.6,4,867,0.9,15.2,24.0,4.9,3.6,0.6,0.7,29.0,0,1,5,34.31,1
35.9,94.9,5,1023,0.6,14.0,23.1,0.6,2.4,3.5,2.8,9.3,0,1,6,30.17,1
24.0,82.6,6,1361,2.9,5.5,23.0,0.9,3.6,1.7,0.6,22.8,0,0,7,27.34,1
27.9,54.9,5,1805,1.9,3.6,17.8,1.3,5.9,3.3,1.4,22.8,0,1,7,26.95,1
25.0,80.6,6,1314,2.8,6.6,17.7,2.2,1.9,5.6,0.4,14.2,0,1,2,24.45,0
33.2,49.6,5,1317,1.9,3.6,18.5,4.7,5.3,4.2,0.3,14.9,1,1,1,25.92,1
31.2,80.9,5,1256,2.8,7.6,22.5,0.4,3.3,1.1,1.1,21.1,0,0,9,26.57,1
27.2,58.4,5,1165,4.4,12.4,24.0,1.1,0.4,6.2,0.2,10.2,0,1,12,26.43,1
25.9,50.6,6,1351,4.9,8.3,24.0,0.1,3.4,4.6,1.0,13.9,1,1,8,25.93,1
30.5,40.3,1,1373,0.8,9.3,14.7,3.0,0.0,5.0,0.3,14.3,0,0,12,21.21,1
33.9,61.1,1,978,6.5,12.2,16.8,3.5,3.2,2.7,2.7,22.8,0,1,9,33.48,1
25.2,78.0,1,1186,3.7,12.5,15.4,5.6,4.9,1.9,0.3,10.6,0,1,3,25.55,1
27.4,62.9,4,1047,3.0,16.1,23.0,4.9,5.5,0.7,2.2,23.6,0,1,10,29.52,0
29.6,95.0,1,1515,7.8,8.6,16.7,0.7,2.6,5.0,0.6,17.2,0,0,12,33.52,1
29.1,54.4,6,1354,9.3,9.3,18.8,1.5,4.8,0.5,0.4,22.3,0,1,5,33.53,1
30.7,81.3,2,1446,2.4,11.3,16.5,2.7,5.2,2.8,0.7,14.8,0,1,7,28.08,1
24.0,77.6,5,2373,0.9,9.7,19.9,0.1,4.3,4.9,0.2,25.8,0,1,10,28.42,1
26.0,65.7,3,917,5.2,9.4,22.7,4.8,1.8,0.9,1.9,22.4,0,1,8,27.32,0
18.5,60.6,6,2337,3.5,6.6,18.7,1.3,0.0,5.8,1.7,10.7,1,1,6,26.7,1
29.3,53.8,5,1726,2.6,6.9,18.2,1.1,5.7,4.4,0.4,15.9,1,1,7,24.38,1
34.4,74.5,4,1734,6.5,12.5,18.7,3.4,4.6,4.4,2.4,14.2,0,0,4,37.65,1
18.7,75.6,6,1334,1.7,7.6,20.7,6.0,6.3,6.6,0.8,21.8,0,0,9,33.86,1
25.8,60.7,1,1747,3.9,10.6,20.7,6.3,1.9,4.3,1.6,15.4,0,1,5,29.19,1
33.5,53.1,5,1711,1.8,7.9,15.8,6.1,3.5,1.4,5.0,27.6,0,1,1,38.1,1
28.3,44.7,3,1654,6.0,13.1,17.1,1.7,4.7,5.6,0.1,23.7,0,0,3,32.79,1
19.5,62.2,6,400,8.8,6.4,20.4,0.8,5.7,3.7,1.7,8.6,0,0,6,27.43,1
34.8,38.2,4,735,3.6,9.0,19.7,0.6,0.1,0.0,0.7,15.9,0,0,1,22.64,0
21.9,52.3,1,1915,6.4,9.8,18.1,4.9,4.7,4.5,1.0,19.1,0,1,9,34.08,1
35.9,92.3,3,1957,3.4,13.7,12.5,0.5,2.9,1.0,0.8,10.3,1,0,5,25.09,1
26.1,49.9,1,1402,3.8,9.8,19.5,2.8,3.4,2.6,3.1,14.2,0,1,1,26.04,1
25.5,56.4,4,1195,1.8,4.6,19.8,0.6,4.1,3.5,0.8,14.1,0,0,2,21.37,1
29.1,76.3,4,1438,1.1,9.6,20.0,3.0,2.0,1.2,1.3,37.4,0,1,6,32.41,1
28.9,70.2,4,791,8.8,9.3,13.3,1.5,2.4,3.9,0.5,16.5,0,0,8,28.82,1
32.0,59.4,2,1967,1.0,3.6,21.6,0.6,4.5,3.7,0.8,14.6,0,0,5,25.1,1
31.5,69.8,6,1354,5.0,5.1,12.6,0.4,1.8,3.2,2.2,26.7,0,0,12,33.92,1
28.3,61.4,4,1323,4.6,11.4,15.8,1.2,3.0,1.4,4.5,13.9,1,1,4,26.4,1
35.6,64.0,3,1683,3.0,7.3,19.9,0.2,2.8,2.5,0.6,7.4,0,0,8,25.39,1
32.6,50.8,3,813,1.1,9.3,20.1,0.9,3.8,4.1,0.4,8.2,0,0,5,20.03,0
30.4,71.2,2,1111,6.2,9.0,24.0,1.0,4.7,3.2,1.8,15.6,0,0,4,28.6,1
29.7,66.4,6,1634,1.1,10.2,20.8,1.2,0.6,4.3,0.9,17.2,0,1,9,31.43,1
28.5,64.5,4,1592,7.4,8.8,15.8,3.5,1.5,2.2,0.5,23.3,0,1,10,36.27,1
28.6,69.0,3,1647,1.3,11.1,22.0,0.2,3.9,0.2,0.4,31.3,0,0,9,27.84,1
32.3,64.8,4,1133,10.0,4.6,22.3,0.8,6.3,3.3,0.1,23.5,1,1,10,30.23,1
31.4,57.7,5,1050,2.7,10.2,14.0,1.5,2.8,6.2,0.2,20.3,0,1,7,28.76,1
29.2,64.4,2,1357,6.9,10.2,17.0,3.6,5.2,3.9,0.7,14.2,0,1,9,28.08,0
34.1,55.1,4,1242,0.9,14.3,13.3,0.1,3.4,5.1,2.2,24.7,0,1,8,30.65,1
27.7,29.1,4,1824,1.8,1.5,17.8,6.2,5.2,1.7,1.7,14.5,0,0,8,25.33,0
31.2,51.1,6,921,3.7,7.7,16.6,3.7,5.0,2.2,1.3,11.6,0,0,10,28.09,1
33.3,57.5,3,1439,1.2,11.2,21.3,4.8,2.4,0.0,1.9,16.9,0,1,11,29.86,1
23.4,63.6,4,1576,4.4,14.3,15.7,8.0,1.9,2.6,1.0,26.0,0,1,7,37.34,1
27.7,68.1,6,2443,3.6,1.0,16.2,3.0,1.2,3.5,0.0,20.3,0,0,5,27.89,0
37.3,82.2,1,821,3.1,3.3,18.5,0.1,7.7,6.1,1.4,27.2,0,1,10,29.51,1
24.2,84.6,1,1816,4.2,12.6,23.6,0.9,11.8,3.7,0.5,4.0,0,1,1,27.86,1
34.8,85.6,1,1740,1.5,8.8,16.2,1.8,3.6,2.7,0.5,12.4,0,1,7,31.0,1
23.7,59.6,6,1220,2.7,8.1,16.2,1.6,5.7,4.1,1.1,6.2,1,1,3,19.53,0
31.0,78.2,3,1458,2.6,11.2,15.2,1.9,0.4,0.5,4.5,5.2,0,1,3,24.19,0
23.7,31.4,2,1611,7.9,5.5,19.8,7.7,4.3,0.7,1.2,19.5,0,1,9,32.37,1
25.9,46.3,3,1196,3.7,8.6,20.1,2.8,4.7,8.1,2.3,9.0,0,1,11,27.91,1
27.1,86.8,3,400,4.9,8.2,12.0,3.5,2.6,1.9,0.6,17.7,0,1,1,25.48,1
26.3,60.8,1,1244,1.5,11.5,18.6,1.8,5.4,4.5,1.5,14.7,0,1,1,23.55,1
34.0,61.2,5,1132,1.9,10.2,12.5,3.0,6.3,0.0,0.6,9.8,0,0,1,26.11,1
33.2,68.9,2,722,2.7,6.6,14.3,2.9,1.3,3.0,1.6,30.0,1,0,9,24.87,1
33.4,70.5,4,1948,3.3,7.1,10.6,1.8,5.6,2.3,2.3,16.5,0,0,6,32.94,1
30.0,59.1,3,671,12.0,7.9,16.8,0.5,2.5,5.0,2.5,13.2,0,1,3,32.86,1
37.2,62.7,5,1403,6.0,10.1,15.8,0.7,0.0,3.1,1.4,29.8,0,0,9,35.7,1
34.1,42.7,3,1004,4.3,5.5,19.4,1.0,4.6,0.5,1.6,15.6,0,1,10,29.81,1
30.6,68.1,5,908,0.5,13.0,19.9,0.9,4.5,7.1,1.0,23.9,0,1,7,29.07,1
23.8,76.0,6,1118,1.7,13.5,22.1,1.4,3.8,3.2,0.6,14.5,0,0,5,24.11,0
32.4,76.3,3,1016,8.4,11.5,15.3,8.0,3.0,4.7,1.3,15.2,0,0,7,35.61,1
32.3,66.0,6,434,2.7,4.4,19.0,1.4,0.0,3.5,3.0,20.9,0,1,3,30.36,1
29.5,55.3,2,765,2.4,8.3,23.2,1.7,1.3,2.7,1.8,25.5,0,0,9,30.25,1
32.6,58.3,5,795,4.8,6.7,15.5,0.3,5.1,5.1,1.2,12.1,0,1,5,29.13,1
32.8,51.8,5,1087,4.5,10.9,21.0,3.2,1.0,3.4,1.7,23.4,0,1,8,31.39,1
27.5,42.9,6,1789,2.7,4.1,21.8,4.2,7.3,3.5,0.3,17.0,0,1,3,34.34,1
31.8,69.9,6,584,3.7,8.8,8.2,3.7,1.7,3.6,0.6,9.5,0,0,10,23.44,0
30.7,53.6,5,669,4.0,6.1,18.4,1.2,4.8,4.2,0.2,18.0,0,0,10,28.11,1
30.6,94.8,5,1369,6.8,12.9,20.6,0.2,5.9,4.2,1.1,26.2,0,0,11,32.95,0
27.3,67.4,2,1191,6.7,10.2,14.3,0.3,7.2,3.7,0.0,14.4,0,1,12,31.85,1
26.7,83.2,4,1133,0.3,5.3,19.1,0.6,4.4,2.5,4.1,20.3,0,0,12,23.85,0
29.6,41.5,1,1621,2.8,10.8,19.0,1.4,4.7,7.0,0.5,23.6,1,1,3,22.08,0
36.2,61.2,4,2144,1.5,9.6,17.1,2.6,2.8,2.1,0.1,30.5,0,0,12,35.8,1
40.6,75.9,4,1553,7.0,5.7,17.5,0.4,4.1,3.8,1.1,18.8,0,0,9,33.3,1
27.2,75.0,5,915,4.9,6.3,24.0,1.7,2.6,1.5,0.9,15.3,0,0,3,26.6,1
23.7,69.0,3,1249,0.9,9.3,14.2,1.6,0.0,1.7,0.2,21.2,1,1,10,21.35,1
27.3,71.3,1,1154,12.0,7.3,14.5,3.1,4.9,5.7,1.2,29.9,0,0,11,37.05,1
24.8,52.4,6,1194,7.9,12.9,20.8,1.2,2.7,5.4,2.1,11.7,0,1,4,34.7,1
26.9,51.2,2,1171,5.8,5.6,23.1,1.9,3.8,3.9,1.4,20.2,0,1,2,27.6,1
31.0,56.6,6,1104,1.6,8.9,15.1,0.4,5.2,4.1,0.3,12.7,1,1,10,23.06,1
24.4,43.0,3,1093,1.8,9.1,20.1,2.5,0.1,0.3,0.3,12.6,0,0,7,20.45,1
32.0,77.7,5,1297,7.5,12.5,21.1,6.4,2.2,3.1,0.6,21.3,0,0,2,33.91,0
33.0,47.8,4,1872,2.6,11.2,20.2,4.0,1.4,2.9,2.3,11.8,1,0,7,28.13,1
36.6,48.9,6,1489,0.5,7.9,17.1,0.7,3.8,2.5,0.6,25.6,0,0,8,27.24,0
38.1,60.4,6,1860,10.2,14.5,18.5,0.2,7.3,2.8,3.5,17.5,0,1,3,43.7,1
34.0,87.0,5,1318,1.1,11.5,18.2,1.2,1.2,2.1,0.1,18.0,0,1,1,28.98,1
40.3,67.3,2,1493,0.3,6.6,24.0,0.4,6.6,0.6,4.0,17.8,0,0,11,33.14,1
26.5,71.0,1,792,2.6,11.6,17.3,2.7,1.2,6.5,0.7,13.5,1,1,11,20.34,1
30.4,65.1,1,1316,1.0,8.3,17.0,0.6,3.9,5.9,1.6,17.5,0,1,3,27.32,1
29.9,86.2,3,1720,5.2,6.6,15.6,0.4,4.6,4.3,0.3,9.7,0,0,11,27.24,1
31.2,72.3,6,1014,1.6,11.8,19.5,0.5,4.5,1.9,0.3,21.5,0,1,3,29.96,1
34.1,43.0,2,1442,2.4,9.0,22.9,1.4,4.6,4.1,0.4,10.3,0,0,3,29.66,1
27.4,46.4,5,1459,3.8,4.0,14.5,1.5,4.9,0.9,0.7,22.2,0,1,9,26.27,1
37.6,66.2,4,660,2.5,6.5,17.1,2.6,1.6,3.2,0.6,21.6,0,0,1,28.01,1
35.4,67.5,6,1121,1.4,11.0,16.7,0.7,5.6,1.8,1.4,11.8,0,0,5,24.12,0
30.8,56.0,4,2020,4.3,11.1,14.8,0.5,3.5,2.3,2.1,28.3,1,0,5,35.37,1
31.4,68.3,6,400,6.2,16.3,14.8,2.1,3.4,4.0,0.2,15.0,0,1,12,31.83,1
24.2,82.2,1,1783,0.8,5.8,17.7,2.1,1.8,1.0,0.5,35.7,0,0,12,27.17,1
16.6,56.6,5,1368,7.1,10.2,18.6,1.6,4.4,0.0,4.8,13.7,0,1,5,35.73,1
28.6,83.5,4,2283,5.2,9.3,19.7,2.2,3.0,4.7,0.9,26.5,0,1,10,35.8,1
30.6,83.6,6,1143,2.3,7.4,16.0,1.4,4.6,8.2,2.7,9.7,0,1,8,31.32,1
30.2,25.0,6,1650,3.6,7.7,21.0,3.5,3.1,1.5,1.2,21.9,1,0,5,28.52,1
23.6,54.6,6,828,4.0,8.6,16.7,2.2,5.3,2.2,1.0,19.0,0,1,4,26.44,1
26.8,74.4,2,1725,2.7,14.2,20.0,1.7,2.9,3.8,1.6,22.4,0,0,5,30.24,1
37.8,62.2,2,1623,2.1,8.5,15.0,2.1,2.9,5.0,0.7,10.1,0,1,9,25.45,1
32.7,64.2,3,1071,3.0,14.9,14.2,3.3,4.0,2.4,0.9,25.1,0,0,6,25.9,0
32.1,76.5,2,1641,1.7,10.6,19.4,0.3,3.5,4.7,2.8,20.8,0,1,9,29.79,1
27.5,75.1,3,1417,6.6,5.1,20.7,0.7,3.9,3.5,0.7,15.0,0,1,8,32.02,1
32.7,53.5,6,881,1.4,7.4,16.3,0.1,4.1,2.8,0.6,26.0,0,0,5,27.43,1
35.5,27.4,6,1167,4.1,17.1,19.7,1.4,3.7,2.1,0.3,15.4,0,1,3,33.07,1
32.8,71.5,1,400,5.7,7.2,17.4,0.5,1.2,1.4,0.9,11.1,0,0,8,21.98,1
27.0,78.2,5,916,0.8,17.0,17.0,4.6,2.8,4.1,1.1,13.3,0,0,9,29.43,1
30.5,70.4,5,970,1.8,7.4,19.1,4.2,2.5,0.0,1.5,15.0,1,0,10,21.25,0
24.7,68.9,1,2000,3.9,7.3,24.0,1.0,3.2,1.9,1.3,23.2,0,1,1,28.44,1
27.5,74.1,5,1002,0.7,9.0,15.8,1.4,2.3,4.0,1.2,10.6,1,1,10,17.91,0
32.0,70.5,2,1496,2.5,8.1,16.8,1.4,2.8,4.4,2.8,16.5,0,0,11,27.85,1
26.4,54.1,3,1477,2.4,10.0,10.6,2.0,3.5,0.0,1.1,26.7,0,1,11,26.27,1
27.9,67.1,1,1856,3.1,8.9,16.1,0.2,5.8,4.7,0.7,18.0,0,0,9,25.66,1
36.2,72.0,4,1022,1.9,10.1,18.2,1.7,6.5,4.6,1.0,22.7,0,1,11,30.38,1
28.2,54.7,1,1320,4.6,9.1,20.8,2.8,5.4,0.0,1.8,22.2,0,1,10,28.97,1
32.9,65.0,5,848,3.7,4.1,13.9,2.4,5.3,5.9,0.1,12.9,0,0,10,25.14,0
27.6,79.4,2,1484,1.1,10.4,20.0,1.8,5.1,0.3,0.9,15.5,0,1,8,22.31,0
23.4,91.7,6,1725,5.1,3.3,22.4,0.7,5.6,6.6,0.1,15.4,0,0,10,29.72,1
29.1,73.9,5,1633,0.3,9.5,16.5,2.8,4.3,0.0,0.1,23.0,0,1,8,23.73,0
27.3,93.0,5,740,1.7,5.8,17.6,3.2,6.7,3.0,3.9,5.1,0,1,1,23.28,0
19.1,62.9,1,446,4.3,6.3,24.0,2.4,3.6,3.8,3.4,21.7,1,1,12,25.33,1
23.1,61.3,4,846,2.4,11.9,17.3,0.9,5.8,1.6,0.5,19.6,0,0,8,23.69,1
27.0,82.8,4,994,9.5,11.7,15.9,0.3,3.5,1.7,0.6,18.5,0,1,4,32.26,1
36.4,61.1,3,1537,2.2,7.4,20.4,0.5,6.7,1.9,1.9,9.4,0,0,11,25.25,0
26.2,57.9,2,1461,1.6,8.5,19.6,1.6,4.8,2.1,1.5,16.6,0,0,7,26.98,1
28.9,47.6,4,1533,3.5,5.7,9.9,6.0,1.9,1.5,2.1,4.0,0,1,2,24.25,0
32.2,63.3,2,400,2.2,10.5,19.1,0.9,1.3,4.3,0.0,27.5,1,1,5,25.21,1
30.5,59.5,6,1184,0.9,6.3,19.7,1.8,3.2,4.9,1.2,26.1,0,0,6,27.55,1
27.4,45.1,3,1494,1.8,13.4,16.8,0.0,2.7,4.9,0.1,15.9,0,0,4,21.64,0
37.5,45.0,5,1120,5.0,7.1,24.0,0.6,4.1,6.5,0.1,14.9,1,1,3,28.32,1
35.7,68.8,3,706,1.1,10.7,19.3,0.5,3.8,7.0,2.4,22.9,0,1,12,29.44,1
17.0,75.1,3,863,4.8,2.3,18.0,0.2,0.0,1.1,0.3,18.2,0,1,2,24.53,1
33.8,56.6,6,2239,2.9,10.9,20.3,1.1,4.7,2.2,2.7,21.7,0,1,6,34.94,1
31.8,53.4,5,1184,5.0,5.4,18.4,3.3,5.9,4.9,2.0,22.6,1,1,8,33.52,1
33.9,60.2,4,1467,4.0,7.8,16.1,0.0,2.8,8.3,0.6,20.1,1,1,1,31.06,1
29.5,25.0,5,929,6.4,6.6,16.4,1.4,3.6,1.8,0.6,17.6,0,0,3,26.86,1
33.2,55.2,4,1082,3.5,11.9,12.8,2.0,5.1,3.3,0.3,14.9,0,1,11,28.47,1
38.6,79.8,3,1009,7.2,12.8,17.2,1.3,0.4,0.0,2.0,17.7,0,0,9,33.48,1
37.6,77.4,4,1424,6.5,8.2,18.5,3.2,3.2,3.6,0.4,17.8,0,0,8,34.65,1
38.0,55.6,6,1131,6.2,3.7,9.9,1.1,2.4,0.0,0.3,17.5,0,0,10,35.12,1
34.3,60.8,3,965,2.9,11.8,17.2,0.6,1.4,3.6,0.9,15.7,0,1,3,25.34,1
33.7,39.5,2,465,8.5,10.9,22.6,2.3,4.1,2.6,0.8,24.3,0,1,1,32.38,1
33.7,46.2,1,1017,2.0,10.1,20.4,1.4,2.4,2.8,1.0,30.5,0,1,5,28.6,1
23.5,64.3,1,1008,1.9,10.8,14.2,0.0,3.6,1.4,1.1,13.4,0,1,10,22.88,1
40.3,48.1,1,400,8.2,7.9,23.5,3.8,6.3,0.0,3.3,17.6,1,0,12,33.07,1
30.3,86.7,4,737,0.1,10.0,24.0,3.8,4.9,5.5,1.7,21.9,0,0,7,26.95,1
30.7,78.7,3,400,1.6,9.2,13.3,1.2,5.0,4.2,1.0,21.7,0,1,6,24.88,1
29.7,70.4,6,1350,4.0,7.0,14.8,1.2,6.6,1.2,2.7,24.7,1,0,8,28.52,1
31.4,68.0,5,1412,8.7,8.3,24.0,1.5,5.8,3.7,1.7,22.3,0,1,8,40.09,1
18.6,55.2,1,1697,9.3,4.1,23.4,0.6,6.9,0.3,2.2,10.2,0,1,7,28.4,1
30.2,64.6,3,1215,2.7,13.2,21.9,2.4,2.4,0.3,3.3,12.4,1,0,7,20.38,0
22.8,36.9,4,1551,8.1,7.6,19.3,2.3,5.0,3.7,0.2,27.3,0,0,8,33.11,1
24.2,73.2,4,1428,0.3,9.4,24.0,0.6,2.9,1.7,1.7,15.2,0,1,2,25.46,1
19.9,73.8,5,1003,6.0,4.3,16.2,1.4,4.1,1.2,0.1,21.5,0,0,1,24.98,0
20.6,75.3,5,1411,4.5,8.7,22.5,5.0,0.1,0.3,0.3,14.9,0,0,3,23.97,0
32.0,61.7,6,1020,3.8,9.8,11.8,0.6,3.7,1.2,4.5,13.2,0,1,6,34.85,1
26.6,86.4,5,589,3.3,11.5,23.2,0.2,6.5,2.2,0.6,15.6,1,1,2,23.41,1
28.6,65.2,5,1724,3.9,9.0,20.8,2.4,1.8,4.3,0.1,4.3,0,1,9,27.34,1
28.2,66.7,4,1864,5.1,10.3,19.7,1.2,5.7,0.3,0.5,10.7,0,0,4,26.45,0
23.3,56.6,4,1497,1.5,10.6,15.4,1.5,6.5,5.9,3.2,5.3,0,0,10,26.06,1
25.5,57.4,2,1229,2.5,6.4,23.8,1.6,4.6,5.1,0.2,30.4,0,1,5,30.2,1
22.8,41.7,3,839,1.2,5.0,16.9,1.8,3.3,3.8,0.0,6.6,0,0,3,19.97,1
27.5,56.4,1,1294,2.5,6.5,17.0,0.5,3.2,1.9,0.9,21.0,0,0,7,27.26,1
18.0,59.3,6,694,5.2,4.1,20.1,1.2,3.6,2.0,5.0,20.4,0,1,3,30.88,1
27.1,61.0,3,1059,4.6,5.2,14.2,1.9,4.5,1.3,0.2,14.2,1,1,11,22.98,1
33.6,48.7,6,1378,3.7,12.2,20.1,0.9,4.7,1.3,3.4,13.3,1,0,7,31.77,1
35.0,43.8,1,591,5.7,10.9,11.8,0.8,4.7,3.9,1.1,17.8,0,0,5,27.71,1
34.7,51.4,4,414,8.6,12.7,22.6,0.9,2.3,1.0,0.1,19.0,1,0,11,30.76,1
31.5,58.6,4,949,2.8,9.8,14.2,1.0,5.1,4.0,0.9,16.3,0,1,6,29.05,1
24.0,77.9,2,400,5.5,10.3,24.0,0.9,3.6,0.0,0.8,24.3,0,1,7,23.98,1
33.5,49.9,1,956,3.7,11.9,13.6,4.7,1.1,4.5,2.0,6.8,0,1,10,26.5,1
31.6,68.7,6,1373,2.0,9.5,24.0,0.9,3.6,0.2,2.6,21.5,1,1,10,23.87,0
30.3,59.0,1,829,2.9,7.8,20.9,3.2,3.3,5.7,0.8,17.0,0,1,2,27.95,1
23.0,58.8,5,1602,7.8,12.0,21.3,0.4,2.6,0.0,1.5,20.4,0,0,3,30.16,0
31.0,50.2,4,1877,0.5,5.6,20.1,0.5,3.4,4.6,0.8,24.1,0,1,3,30.13,1
36.0,93.5,6,1697,2.7,8.9,16.9,2.5,3.7,3.7,1.6,16.1,1,0,10,32.16,1
32.7,66.4,5,1353,1.9,9.1,13.6,2.8,2.3,1.6,1.6,8.3,1,0,12,24.27,1
27.9,62.3,6,1001,2.8,6.0,14.4,4.0,6.3,2.6,0.6,22.0,0,1,8,26.59,0
31.7,73.5,5,1654,12.0,12.0,15.6,4.4,1.9,4.7,0.3,21.6,0,0,1,41.1,1
29.0,49.1,3,400,4.4,7.0,24.0,0.7,4.0,4.3,0.4,12.0,0,1,2,20.65,0
29.9,51.2,3,1040,0.7,15.1,18.1,1.7,0.1,0.7,2.5,20.5,0,1,8,24.92,1
33.2,66.8,6,755,2.9,6.6,22.0,2.8,4.0,0.0,0.6,24.2,1,1,10,28.74,1
30.7,47.2,1,680,1.3,4.1,24.0,2.7,5.7,3.4,1.4,21.1,0,1,4,24.8,1
29.4,62.7,3,1849,4.5,4.1,14.5,3.6,2.1,0.0,0.1,9.7,0,1,2,26.54,1
30.9,83.7,2,1327,3.3,10.0,19.7,2.1,4.3,4.4,0.2,26.3,0,1,12,29.15,1
24.9,47.2,6,813,5.3,10.9,13.1,2.4,7.7,2.8,3.6,26.3,0,1,8,35.89,1
24.1,63.8,3,400,5.9,14.5,21.8,0.2,3.6,5.0,1.1,15.5,0,0,1,26.3,1
31.4,74.5,2,1521,3.4,8.8,15.8,0.7,5.7,3.3,1.8,17.8,0,0,4,29.31,1
26.1,43.3,3,1128,7.8,12.2,16.1,1.8,2.2,0.5,0.3,28.6,1,0,9,26.73,1
31.8,67.8,1,1077,1.8,13.0,18.0,0.7,3.5,0.5,1.2,11.2,0,1,6,28.16,1
19.9,64.2,1,878,1.8,12.6,16.7,0.1,1.7,3.8,0.5,8.7,0,0,4,16.64,0
35.0,42.5,2,1326,5.6,8.9,16.9,2.1,3.0,4.0,1.2,4.0,0,0,2,28.69,1
28.5,63.3,1,1391,5.1,7.5,21.6,0.3,3.6,5.7,0.7,17.4,0,1,5,30.63,1
37.3,73.5,1,400,7.8,6.8,20.3,2.3,2.8,2.2,0.5,22.4,0,0,3,31.75,1
16.7,77.6,5,1042,2.0,11.0,24.0,0.4,1.5,4.6,1.4,25.4,0,0,5,27.34,1
20.6,60.8,2,1077,3.9,12.9,14.9,0.1,2.9,4.2,1.2,8.7,1,1,1,19.27,1
36.0,83.0,5,684,3.1,9.1,16.9,0.3,5.0,1.0,0.3,21.5,0,1,3,29.0,1
29.8,66.8,3,936,4.4,4.8,17.9,0.2,2.6,5.2,0.9,20.0,0,1,2,28.47,1
30.5,64.3,3,2045,1.7,8.5,20.1,2.2,2.6,7.0,0.6,8.5,0,1,8,25.35,0
29.6,52.2,1,529,0.6,7.6,19.2,0.7,1.8,5.4,0.7,24.2,1,1,10,18.33,1
29.8,57.7,3,1192,1.9,6.1,21.3,2.9,4.3,1.6,0.0,24.9,0,0,11,26.33,1
31.7,70.9,2,1844,5.2,9.0,23.7,2.3,2.5,2.5,1.3,27.2,0,0,12,38.27,1
24.0,64.3,4,1828,2.0,9.9,16.7,2.2,4.7,5.6,0.6,25.9,0,1,12,30.24,1
28.2,81.1,5,1756,2.2,13.7,12.8,3.5,1.9,4.1,0.0,17.3,0,1,10,30.54,1
35.5,67.6,3,1238,3.0,7.3,20.1,4.7,3.7,3.8,0.5,12.7,0,1,2,26.45,0
29.9,63.9,3,1428,4.7,10.8,19.9,3.5,5.3,3.8,0.8,4.0,1,1,8,21.21,0
25.9,95.0,4,2323,0.1,8.1,24.0,1.1,2.2,2.0,2.1,20.2,0,0,11,27.75,1
29.5,57.6,4,495,2.9,6.3,18.4,1.3,7.4,0.0,0.8,17.1,0,1,2,25.26,1
34.2,69.9,5,400,5.5,9.6,15.5,0.9,4.0,8.5,4.1,24.2,0,1,3,36.15,1
28.0,84.1,4,850,5.4,11.8,18.2,2.4,3.6,3.5,2.8,21.9,1,1,9,33.29,1
28.1,67.8,5,1155,2.8,10.7,17.2,0.1,4.8,3.4,0.9,26.6,0,0,9,31.1,1
31.5,75.5,3,1605,5.7,11.3,15.0,0.8,6.2,1.1,1.1,20.4,0,0,4,32.0,1
33.3,74.8,3,760,1.7,9.1,20.5,0.7,0.3,5.1,1.9,6.9,0,1,6,23.75,1
36.4,40.7,3,570,3.3,16.8,18.2,0.8,0.7,5.3,2.3,21.8,0,0,5,31.19,1
28.4,86.3,4,895,3.0,8.5,23.0,0.4,1.1,1.3,0.6,27.0,0,0,1,28.77,1
30.8,58.0,5,1285,2.0,5.1,18.8,0.1,6.9,0.0,0.2,7.4,0,0,12,19.86,0
34.2,64.5,1,1049,4.1,11.0,20.0,0.7,3.5,6.7,0.6,12.0,0,0,1,23.32,0
19.6,86.3,4,1091,1.3,7.6,10.5,4.4,5.5,3.9,0.3,20.0,0,1,3,23.58,1
29.8,61.9,2,1606,3.9,5.0,24.0,3.8,3.0,0.3,0.4,6.7,0,0,6,25.76,1
31.3,63.6,6,725,3.2,8.4,17.3,0.4,4.6,3.1,0.3,12.4,0,1,12,24.77,1
28.6,71.8,2,725,2.8,9.6,12.6,1.2,3.9,5.0,1.6,25.1,0,1,3,28.56,1
24.8,54.5,4,1184,3.5,7.4,18.3,4.4,5.3,6.2,1.0,25.7,0,1,3,34.56,1
32.0,73.5,4,1410,4.9,5.2,14.1,3.0,3.2,4.1,0.1,17.5,0,1,10,30.59,1
35.2,64.9,5,1975,2.6,6.8,20.7,1.9,3.1,2.0,0.2,17.9,0,0,8,27.44,0
28.6,59.2,6,1201,1.7,7.3,17.4,2.8,1.7,2.8,0.7,7.5,0,1,11,22.85,1
26.7,52.7,4,1637,2.5,8.6,18.9,4.5,6.0,3.3,1.6,23.5,0,0,9,28.85,1
28.0,71.6,4,2138,9.1,10.2,21.7,0.6,1.9,6.3,0.4,27.1,0,1,6,38.65,1
36.8,35.1,2,1984,5.6,6.0,18.6,2.1,5.1,5.1,0.1,25.9,0,0,11,34.43,1
35.3,55.5,1,1034,5.9,5.0,15.8,6.3,3.3,2.2,0.9,19.5,0,0,5,27.97,0
29.3,53.2,3,1506,2.7,10.4,14.6,1.2,0.0,5.4,1.4,25.7,0,1,10,29.4,1
23.6,71.5,2,400,8.8,7.5,21.4,1.1,4.4,2.6,0.2,20.2,1,0,7,26.57,1
22.8,95.0,2,1070,4.1,7.3,20.9,2.8,3.2,4.4,0.5,29.2,0,0,9,28.71,1
27.5,71.6,4,1482,3.7,13.2,15.8,0.7,3.7,2.5,0.7,32.0,1,0,3,26.68,1
27.5,81.4,4,1967,3.7,12.4,24.0,2.2,0.7,1.6,0.1,13.0,0,1,9,28.19,1
30.4,46.9,1,1348,1.5,12.5,17.4,1.1,3.6,5.9,0.4,11.6,0,1,2,25.0,1
23.5,81.1,5,2005,3.5,2.9,16.6,3.9,2.5,3.7,0.4,33.0,0,1,4,30.18,1
28.5,48.9,3,1576,1.4,4.4,22.4,2.1,5.4,4.2,0.4,9.0,0,0,10,19.63,0
31.8,54.5,2,1573,1.4,8.8,17.8,0.2,0.0,2.4,0.7,23.7,0,1,12,23.35,1
20.7,60.0,1,1606,4.2,10.0,12.8,2.3,3.6,4.4,0.3,24.3,1,1,11,23.19,1
40.6,44.9,4,486,3.0,11.7,20.3,2.6,2.9,2.2,0.2,14.1,0,0,9,26.28,1
32.0,72.8,2,1688,1.2,7.5,24.0,1.6,5.2,2.2,0.2,29.4,0,0,8,32.87,1
31.8,77.5,6,1216,1.9,4.5,12.9,0.4,4.3,2.4,0.1,18.9,0,0,9,25.59,1
22.6,73.7,6,1493,0.3,14.3,15.5,1.2,4.1,2.7,2.8,7.5,0,0,2,23.11,0
24.0,43.0,1,1480,4.9,5.7,21.6,2.0,6.6,3.0,0.1,20.6,0,0,6,25.66,1
34.2,37.0,4,951,5.4,6.0,14.8,2.1,1.5,2.8,1.8,14.8,0,0,3,26.54,0
33.6,57.5,5,916,6.4,10.4,19.7,6.4,4.0,6.6,0.8,13.8,0,0,12,31.49,0
17.0,87.8,1,1272,2.3,10.3,20.0,3.8,3.4,9.2,1.2,10.2,1,0,3,19.32,0
34.9,36.3,5,918,0.4,6.4,14.0,2.6,3.7,0.0,0.7,13.0,1,1,9,22.58,1
32.8,48.5,3,1246,4.8,4.6,20.5,0.5,2.1,3.6,1.7,8.3,0,0,3,24.01,0
32.3,84.6,6,1314,4.9,9.1,18.6,0.1,2.7,1.2,0.3,17.3,1,0,9,26.9,1
23.6,74.5,2,896,0.9,4.4,22.8,2.6,4.8,2.3,0.3,16.6,1,1,2,15.73,0
30.5,76.3,6,990,2.8,13.6,19.8,4.0,1.7,6.8,0.5,24.7,1,1,8,30.91,1
26.1,65.5,2,857,1.8,11.4,9.1,0.1,4.2,2.3,0.2,12.5,1,0,5,21.02,1
32.0,68.0,1,1419,3.7,10.4,24.0,1.3,6.1,4.1,1.6,18.2,1,0,11,27.42,1
38.4,66.2,2,986,4.9,9.7,19.8,1.9,3.2,1.7,0.1,25.9,0,1,3,32.44,1
32.4,60.1,3,1627,5.2,5.1,16.2,0.6,5.0,0.0,0.5,15.1,0,1,5,32.41,1
34.3,33.3,4,834,0.5,7.9,19.5,1.4,5.3,4.6,0.9,20.9,0,0,1,23.96,0
27.6,60.0,2,1382,3.1,9.6,18.9,2.4,0.0,3.3,0.7,15.4,0,1,12,24.65,1
24.1,79.8,2,1316,0.7,7.0,17.4,1.0,2.1,5.7,5.0,19.1,0,1,3,22.98,0
29.3,50.6,3,406,6.5,4.8,20.6,1.3,0.3,5.0,0.1,15.1,0,0,3,26.34,1
34.4,74.3,3,1152,2.9,7.4,17.0,4.1,0.0,5.4,0.3,14.0,0,0,6,28.67,1
36.5,61.5,4,2338,5.1,10.3,14.9,1.3,4.7,4.6,0.8,24.3,0,0,12,38.1,1
28.9,54.8,6,1454,2.9,6.1,14.0,2.1,1.6,0.0,0.1,25.7,0,1,10,27.47,1
30.5,78.2,4,1096,0.7,6.7,20.1,1.6,4.7,1.6,0.8,13.4,0,1,2,22.7,1
27.2,60.9,5,1418,1.1,8.0,24.0,7.2,3.4,6.2,0.1,4.0,0,1,8,27.06,1
20.6,44.0,3,757,8.4,10.3,18.6,1.1,6.6,1.7,1.4,24.6,0,1,6,33.25,1
29.7,44.1,5,984,2.8,10.9,19.8,6.7,1.9,0.7,1.9,21.5,0,1,9,29.72,1
31.0,79.0,3,1728,1.8,10.0,22.1,0.2,0.2,2.2,2.2,15.6,0,0,7,25.85,1
27.2,68.4,1,1496,0.9,13.2,12.5,4.8,3.4,5.5,1.4,15.3,0,0,1,29.12,1
28.4,50.2,2,1019,2.1,10.0,20.6,5.0,2.7,3.6,0.3,10.7,1,0,9,20.8,1
20.2,71.7,5,1062,2.3,12.3,21.7,3.6,3.1,0.0,1.3,11.8,1,0,9,19.76,0
29.5,61.6,5,1004,7.6,10.8,17.2,0.4,4.9,3.5,5.0,19.3,1,1,5,30.04,0
36.1,86.3,1,1423,3.9,7.6,16.8,1.3,2.0,2.1,3.5,22.5,0,1,6,30.9,1
29.1,52.9,4,1657,1.8,11.7,18.3,0.7,4.3,5.0,0.4,14.7,0,1,9,27.85,1
32.2,45.6,3,1015,1.2,10.2,16.7,1.1,6.1,0.5,0.9,14.0,0,1,6,24.74,1
31.4,44.9,6,867,2.6,12.8,21.1,1.5,3.7,3.5,0.8,14.3,0,1,11,29.81,1
25.5,50.5,2,613,2.0,8.8,18.3,1.8,3.0,2.2,0.6,12.0,0,1,8,21.72,1
30.3,54.5,6,596,5.4,9.7,20.1,2.0,5.4,3.9,1.5,16.7,0,1,5,31.4,1
25.1,53.1,5,1723,4.7,8.2,19.9,4.6,3.4,5.3,0.1,12.9,1,0,8,27.45,1
43.0,55.8,2,1049,1.4,10.2,11.5,2.1,5.2,0.0,2.3,20.2,1,0,11,25.04,1
30.3,48.9,1,400,0.9,11.0,14.9,0.4,3.8,1.5,0.7,15.7,0,0,9,21.73,1
23.8,75.3,5,1744,3.6,7.8,17.5,4.3,4.8,3.4,0.4,26.4,0,0,11,33.39,1
21.6,80.1,5,1623,2.2,15.2,12.8,1.3,5.3,6.7,0.3,13.9,0,0,1,30.15,1
36.7,48.4,6,1116,0.3,11.6,12.0,1.5,3.6,4.1,2.0,16.3,0,0,10,28.45,1
32.3,84.1,5,1977,3.4,7.7,8.5,2.4,2.1,3.7,0.2,21.3,0,1,6,32.14,1
31.2,78.6,6,1536,2.2,3.2,17.9,3.7,4.3,1.1,3.2,7.1,0,0,1,29.83,1
22.4,81.7,5,605,2.7,15.0,17.5,0.9,0.0,0.0,5.0,10.8,0,0,3,28.75,1
26.4,55.8,4,1109,2.5,10.8,20.7,1.4,5.3,0.0,0.7,11.3,1,1,1,19.27,0
23.2,49.3,3,1169,2.2,7.5,19.9,5.6,2.3,0.8,3.2,7.4,0,0,7,24.42,1
34.7,81.9,2,1458,4.9,9.5,21.1,1.5,6.7,4.5,1.8,36.1,0,1,4,41.03,1
26.6,32.7,4,916,2.1,11.2,21.7,0.4,3.6,4.6,1.8,9.3,0,0,9,24.43,1
38.8,58.9,1,400,1.2,5.2,18.3,0.9,6.7,3.7,0.8,27.1,0,1,11,25.78,1
31.8,56.5,2,1265,2.6,9.3,19.4,1.5,3.4,5.4,0.5,29.6,0,1,3,28.85,1
27.6,55.6,4,1773,1.3,15.7,21.9,0.7,4.2,2.2,0.8,12.3,1,0,12,23.21,1
35.9,52.1,2,400,5.4,5.9,15.2,2.6,2.7,3.1,0.1,14.8,0,0,12,21.67,0
18.8,60.7,4,867,2.3,1.0,18.1,1.5,2.3,1.9,0.8,18.4,0,1,2,21.73,1
25.1,60.3,6,400,3.1,10.3,23.2,0.5,2.5,3.6,1.0,15.9,0,0,8,26.34,1
27.2,66.8,1,802,1.9,7.9,23.1,1.7,3.9,4.3,1.8,21.0,0,0,3,23.24,1
34.6,50.0,2,1083,2.0,10.7,8.8,3.2,3.8,6.3,2.6,17.3,1,0,7,26.79,1
34.6,62.1,1,625,4.2,7.8,19.6,0.8,6.1,3.0,1.1,23.7,0,0,12,25.64,1
31.0,70.8,4,1234,1.9,5.4,22.3,1.9,7.7,3.4,4.0,7.9,0,0,8,28.15,1
20.4,64.7,3,430,5.6,12.3,15.0,5.1,3.0,5.9,0.3,20.3,0,1,1,29.0,1
26.6,49.4,3,903,6.3,9.2,20.9,5.1,7.6,0.5,0.1,16.7,0,1,12,28.04,1
23.7,54.9,3,1378,4.4,7.4,18.2,0.6,4.1,2.0,1.2,16.0,0,0,3,25.91,1
35.5,70.9,1,1249,1.8,6.4,17.8,1.7,3.1,4.4,1.7,21.3,0,0,11,27.88,1
27.0,60.2,3,1920,4.9,12.2,20.7,1.6,4.2,3.6,1.9,13.6,0,0,6,32.15,1
32.2,60.2,3,810,8.3,7.8,16.5,1.9,4.5,6.6,1.3,20.4,0,0,1,30.89,0
38.5,61.6,2,1679,2.1,6.0,20.1,1.0,3.6,0.8,3.0,21.8,0,1,3,32.47,1
28.9,74.5,4,1142,4.9,7.6,16.3,3.5,0.0,2.2,0.3,16.4,0,0,5,29.35,1
32.7,69.8,5,604,3.2,8.7,15.0,2.8,3.3,2.6,0.9,11.4,0,0,8,23.86,0
27.3,95.0,2,1193,2.9,9.4,19.5,0.5,6.3,1.5,1.6,17.8,0,0,4,25.78,1
29.5,84.5,5,1590,4.6,11.6,15.1,2.5,6.8,3.7,1.5,19.3,0,1,9,35.2,1
29.4,73.1,6,1108,5.1,7.3,20.4,0.0,4.4,1.3,0.0,21.9,0,1,4,27.84,1
29.3,75.7,2,1280,2.2,10.2,14.0,0.5,4.4,3.0,0.5,29.2,0,0,11,24.48,0
29.6,56.3,5,1450,2.3,14.9,19.2,1.7,5.2,4.6,3.1,6.3,0,0,7,29.91,1
27.3,65.1,2,400,4.7,5.7,19.7,3.3,5.6,3.6,0.0,14.7,1,1,7,22.88,1
38.6,75.0,1,1332,0.2,9.2,22.2,2.6,4.4,2.7,0.6,13.3,0,0,2,25.61,1
26.0,83.7,2,1461,1.4,12.7,22.3,0.1,1.2,5.7,1.6,20.7,0,0,12,26.03,1
30.5,63.2,4,1111,0.3,6.0,14.8,2.4,2.1,1.7,1.0,11.6,0,1,5,20.8,1
27.7,56.9,1,1649,2.3,11.9,11.8,1.5,4.4,1.4,3.7,17.5,0,1,6,29.86,1
17.9,67.4,6,1303,2.1,11.4,24.0,1.6,3.1,4.4,1.5,20.2,1,0,5,28.51,1
34.1,59.4,4,527,3.4,11.0,24.0,1.5,3.5,3.7,2.9,10.8,0,1,9,27.58,1
30.4,58.8,5,784,1.9,1.5,19.5,2.9,4.0,6.3,1.5,11.5,0,1,11,21.78,0
22.3,70.8,2,1044,4.7,7.7,24.0,0.6,3.0,5.3,1.5,5.9,0,1,7,26.19,1
25.6,82.2,1,958,1.2,9.7,13.6,1.8,1.4,7.3,2.2,17.5,1,0,3,21.78,1
21.1,55.7,3,1677,4.3,10.7,12.2,0.3,3.8,1.9,1.1,4.0,1,1,9,19.69,0
30.6,88.5,4,1583,0.8,7.3,18.7,2.1,5.0,2.7,1.7,24.1,1,0,11,27.21,1
37.0,63.6,1,400,7.1,7.9,17.3,1.9,6.5,2.9,1.1,16.6,0,1,11,28.12,1
35.3,43.1,1,1441,3.2,13.4,24.0,1.2,2.5,4.8,0.5,10.9,1,1,1,23.76,1
22.7,70.9,3,2060,2.6,3.0,21.0,3.3,5.8,6.1,0.1,30.1,0,1,3,30.66,1
20.6,67.2,2,1907,6.8,9.8,19.6,1.7,4.6,4.5,3.4,17.7,0,1,9,38.27,1
31.8,71.4,5,1156,6.5,5.9,14.9,1.5,7.2,5.2,0.2,18.7,0,1,10,32.32,1
37.6,42.0,2,914,2.7,14.7,22.5,2.6,3.3,4.6,2.9,8.3,0,1,6,29.1,1
29.4,72.8,4,400,1.8,7.7,24.0,3.5,3.9,3.3,2.7,23.2,0,1,10,25.83,1
34.4,76.9,2,1236,3.7,13.1,20.5,1.9,3.0,2.2,1.2,17.5,1,0,3,24.45,0
22.2,48.6,5,1428,10.1,7.8,17.9,1.4,5.1,4.1,0.2,14.8,1,1,12,29.57,1
28.6,50.0,6,860,1.9,9.1,23.3,1.6,6.4,3.9,2.8,15.5,0,0,10,27.68,1
31.4,77.0,5,1054,4.1,8.4,20.4,3.1,4.0,0.1,0.3,8.7,1,0,9,23.84,1
27.1,95.0,4,1850,3.0,11.5,20.2,0.3,3.2,1.8,1.4,7.8,0,1,2,22.03,0
28.0,87.0,6,1227,0.7,6.6,16.2,3.2,2.7,0.0,1.4,11.6,0,1,11,22.5,0
32.6,45.0,4,1657,4.3,11.1,23.9,2.4,3.2,4.2,1.6,21.8,0,0,10,30.99,0
26.0,87.8,2,1236,6.1,7.7,21.1,0.4,2.9,3.5,0.6,25.7,0,1,5,29.17,1
24.2,48.3,5,558,5.7,8.2,23.3,3.3,7.7,3.0,0.7,8.6,0,1,11,24.63,0
32.9,62.4,2,1599,1.2,10.8,17.2,1.9,2.6,5.2,0.6,18.6,0,1,12,30.02,1
30.3,60.3,2,1303,1.8,15.0,13.5,2.2,0.1,3.8,0.4,10.1,0,1,6,24.57,1
24.1,82.4,2,1572,1.2,13.6,12.6,0.4,0.1,4.6,0.9,5.9,0,1,7,20.81,1
31.3,81.1,5,1043,6.5,5.2,21.2,1.6,3.0,3.5,2.4,15.8,0,0,6,29.86,0
26.3,63.4,2,969,7.3,9.9,19.4,1.2,3.8,4.3,0.1,14.1,1,0,8,25.8,1
32.3,70.3,6,1285,6.7,12.0,20.0,1.5,4.3,2.1,2.7,24.0,0,0,2,36.06,1
29.1,51.7,2,1970,1.1,3.7,18.5,4.2,7.3,2.3,0.6,19.2,1,0,1,25.48,1
27.7,66.3,3,1553,5.8,12.0,12.4,0.2,2.2,5.7,0.1,12.6,0,1,4,24.79,0
25.2,84.7,4,1549,3.1,8.2,22.7,1.5,3.4,4.8,0.3,14.9,0,1,7,24.7,0
30.1,66.7,3,959,4.7,5.7,19.5,0.8,5.5,7.1,1.0,16.6,0,1,11,30.92,1
28.9,57.0,4,1976,1.2,13.1,24.0,3.5,0.0,4.9,0.9,21.8,0,0,10,34.56,1
38.6,82.5,6,1393,2.1,15.1,21.4,2.3,4.5,3.5,2.1,20.1,0,1,8,39.01,1
28.9,59.3,6,1700,2.2,11.3,21.7,1.4,5.9,3.5,1.0,22.0,0,1,9,28.36,0
22.4,67.2,5,1808,2.1,3.6,22.9,0.1,4.8,2.0,0.2,13.8,0,0,9,24.72,1
39.4,69.1,4,862,11.0,12.0,17.7,0.0,0.0,6.9,0.8,11.6,0,0,3,37.05,1
18.9,67.8,1,1153,1.8,6.6,20.4,0.9,4.5,3.4,0.5,17.4,1,1,12,22.43,1
37.4,57.2,4,1395,0.7,9.1,16.5,4.1,1.1,1.0,0.3,14.6,0,1,8,27.22,1
24.8,63.4,3,1461,9.3,6.9,16.9,5.1,3.0,2.5,1.2,15.5,0,0,1,32.23,1
36.0,59.9,4,832,5.8,12.7,17.4,3.2,2.5,1.6,0.7,5.1,0,1,1,28.45,1
28.2,61.8,3,951,0.4,14.5,17.4,0.8,4.9,0.3,0.8,17.3,0,1,9,22.19,1
31.8,33.5,2,400,1.9,8.6,24.0,1.0,6.0,0.5,0.9,23.8,0,1,9,22.83,1
29.2,58.4,1,578,1.2,8.7,12.0,1.9,2.4,0.4,0.9,12.8,0,0,5,17.32,1
28.5,59.3,5,1316,3.7,3.8,18.2,0.6,2.6,3.3,0.4,18.1,1,1,4,26.11,1
31.7,82.4,6,2004,2.2,7.1,15.3,1.5,3.4,0.0,1.0,20.5,1,0,12,26.74,1
25.9,80.2,2,1343,4.0,9.7,14.8,0.6,4.4,0.3,1.5,7.5,0,0,7,17.69,0
31.5,41.7,6,1448,2.3,9.8,16.4,2.6,5.5,3.2,0.8,10.1,0,0,3,26.5,1
23.7,47.0,2,2201,1.5,9.2,14.1,4.8,2.6,5.8,0.1,19.1,1,0,4,25.12,1
25.4,72.8,1,984,1.1,2.4,11.8,4.4,4.8,0.8,1.0,24.6,0,1,9,20.12,1
26.5,65.3,2,670,0.5,5.4,10.7,0.9,1.9,2.6,0.2,21.0,1,1,2,16.23,1
28.6,54.6,3,2022,1.3,7.4,11.4,3.0,7.3,1.0,1.0,10.9,0,0,12,23.25,0
35.1,51.1,6,1436,5.9,4.0,15.1,1.0,2.7,4.1,1.5,18.6,0,0,1,32.09,1
24.9,57.2,5,1277,6.4,9.9,23.9,1.5,5.2,6.5,1.3,13.8,0,0,8,30.92,1
24.8,56.5,4,1246,0.9,8.5,16.7,0.5,6.0,1.6,1.0,11.0,0,1,2,22.17,1
23.4,46.5,3,1851,5.9,5.1,17.3,1.1,5.1,1.1,2.4,22.0,0,1,2,30.36,1
27.0,70.4,5,1033,1.7,10.5,17.8,0.7,0.0,0.0,0.3,16.2,0,1,8,21.33,1
31.9,84.5,3,1654,6.2,8.2,8.2,0.8,3.0,3.5,0.7,11.6,0,1,8,30.92,1
25.3,62.0,1,825,7.0,11.9,15.5,2.5,3.8,0.0,1.5,15.3,0,0,9,23.13,0
27.6,67.6,2,517,3.8,3.9,18.9,0.1,1.1,3.8,1.5,23.4,0,1,4,22.39,1
26.1,35.8,5,1289,2.6,11.2,17.6,2.4,0.1,3.8,0.4,18.6,0,0,5,26.66,1
29.5,49.5,3,1321,3.4,12.0,22.5,2.1,6.6,4.5,1.6,31.8,1,1,4,31.23,1
19.0,40.5,3,1375,1.0,3.1,11.2,0.3,5.0,6.4,1.1,18.9,0,0,5,22.59,1
32.0,72.4,4,815,6.8,6.7,11.7,1.3,2.7,2.5,1.8,15.4,0,1,5,28.97,1
33.7,77.7,6,706,1.4,7.2,17.9,0.2,1.4,6.4,1.8,16.6,0,0,2,24.89,0
24.9,48.7,2,1149,3.5,7.0,17.1,1.8,6.2,6.0,2.0,10.2,0,0,8,25.06,1
28.7,56.4,4,1768,2.8,14.8,19.8,3.3,5.3,4.4,1.4,12.4,0,1,4,32.82,1
24.5,50.0,6,1563,8.2,15.0,15.0,2.9,0.0,5.8,0.4,23.6,1,1,3,33.66,1
34.0,57.9,6,1400,5.5,11.3,11.6,0.2,6.0,4.4,0.4,19.5,0,0,1,33.28,1
32.2,43.9,3,1467,1.0,9.9,21.0,1.1,4.2,1.4,0.5,24.3,0,0,8,25.95,1
43.0,75.0,2,1740,1.3,4.8,16.2,1.6,3.1,2.9,1.2,10.3,1,1,8,27.65,1
28.0,52.5,4,695,0.8,9.6,16.3,1.8,5.4,4.6,1.3,23.8,0,0,3,22.19,0
24.7,48.2,1,1261,4.4,5.1,18.0,1.8,4.2,5.7,0.4,17.1,0,0,12,25.09,1
26.6,49.1,1,1611,2.3,5.9,15.9,1.9,5.8,5.7,2.7,9.1,1,1,1,22.74,1
22.8,58.9,4,1728,6.8,4.5,12.1,0.5,3.7,3.2,0.1,28.8,0,1,11,28.45,0
30.1,80.7,3,1704,4.2,6.1,13.9,3.9,0.9,0.0,0.2,13.7,0,1,3,25.38,1
30.6,67.5,6,1380,4.9,6.6,21.2,0.3,7.3,3.6,0.2,18.2,0,1,10,33.0,1
33.7,65.6,5,674,1.2,6.5,21.0,1.1,8.0,6.7,3.6,19.3,0,0,9,31.52,1
31.1,54.6,1,1198,3.5,4.3,16.3,1.1,0.9,3.9,0.8,10.4,0,1,11,21.33,1
27.0,51.4,2,1624,4.3,10.9,21.2,3.4,7.1,1.6,1.3,5.8,0,0,12,27.42,1
35.5,67.7,3,866,2.0,12.8,15.4,2.9,3.0,2.0,1.7,22.7,0,0,1,27.05,1
32.0,76.0,5,751,5.5,10.3,16.0,3.2,4.3,0.0,1.4,12.3,0,0,10,26.92,0
33.2,79.6,4,486,2.2,11.4,15.6,2.1,0.0,5.5,0.9,25.7,0,1,11,27.7,1
23.2,63.9,5,1363,2.3,7.9,17.2,4.6,2.6,4.0,0.3,12.7,0,0,8,24.0,0
24.9,47.0,4,1209,5.6,9.9,23.6,1.9,4.6,0.6,0.2,20.3,0,1,7,27.03,1
25.9,55.1,4,1353,1.7,4.4,19.5,0.3,2.9,0.0,1.3,23.9,0,1,7,20.78,0
27.1,63.4,5,2256,1.6,10.1,18.4,0.9,5.9,2.7,2.6,18.5,0,0,2,32.6,1
18.2,68.2,1,1707,11.4,14.5,23.2,3.8,5.0,0.3,1.0,15.3,0,0,11,37.71,1
35.1,65.5,4,1467,4.7,7.3,17.1,0.9,5.9,4.7,0.4,26.2,0,0,9,29.16,0
28.1,78.2,6,1995,7.3,11.8,19.3,1.7,2.3,2.4,0.4,24.9,0,1,6,32.73,0
33.4,72.1,6,1272,5.5,10.1,17.0,0.4,4.2,5.4,0.4,4.0,1,0,8,24.98,0
33.0,73.7,4,1510,0.9,15.3,18.9,1.2,2.7,2.8,1.8,38.7,0,0,9,35.19,1
36.6,80.4,5,1239,1.3,12.1,18.6,1.9,5.5,2.7,1.8,20.3,0,0,8,29.54,1
32.0,68.1,3,1454,6.1,6.5,18.5,0.7,0.2,3.9,0.4,12.3,0,1,1,29.9,1
31.1,81.2,2,719,4.1,6.6,11.7,0.1,1.7,3.3,1.6,20.1,0,1,10,22.95,0
25.5,59.8,2,1072,1.8,12.4,19.7,1.4,0.1,2.6,0.0,19.5,1,1,5,20.55,1
29.8,57.9,6,862,5.4,8.8,14.9,1.4,2.9,4.8,3.6,25.9,0,1,5,34.36,1
38.0,87.1,5,400,6.1,8.7,14.8,3.4,4.7,0.8,1.0,19.7,0,0,2,30.24,1
20.4,63.9,1,457,1.1,7.8,20.9,4.0,3.3,7.7,1.4,23.7,1,1,2,22.21,1
25.7,94.6,5,486,3.2,5.7,16.9,1.3,8.7,1.5,0.7,38.8,0,1,3,28.15,1
30.6,36.7,4,454,2.8,11.7,17.0,1.2,7.2,5.3,1.4,17.7,0,0,1,29.75,1
37.3,68.7,6,1728,6.0,11.5,19.1,2.2,1.8,1.1,0.9,23.0,0,1,8,37.55,1
23.8,71.9,6,1983,5.1,8.7,17.8,4.4,3.0,4.1,1.5,23.1,0,1,11,34.55,1
27.0,95.0,5,1953,3.7,1.0,22.8,2.7,1.2,4.7,0.8,4.0,0,0,3,25.96,1
30.1,79.0,4,1391,10.4,7.7,19.5,0.5,0.9,4.7,0.4,12.5,1,1,6,28.5,0
43.0,58.7,3,1107,1.3,11.5,18.2,2.1,2.4,3.2,2.7,16.0,0,0,6,30.08,1
25.0,68.4,6,577,2.2,7.9,8.0,2.9,4.8,2.6,4.3,21.4,0,0,6,29.12,1
28.5,54.1,1,843,1.0,11.1,18.3,2.7,7.4,0.8,0.2,19.6,0,0,8,23.12,1
33.1,55.5,1,2347,4.3,16.1,21.7,1.5,3.7,2.1,1.7,17.8,0,0,7,32.36,1
25.8,72.4,5,961,3.3,8.9,20.9,1.0,4.2,0.0,0.3,22.8,0,1,2,27.4,1
31.3,68.5,6,740,6.7,12.6,21.6,0.9,3.0,4.1,2.2,22.4,0,1,8,34.27,1
31.4,90.3,2,1382,6.7,10.0,14.5,3.6,4.4,1.2,0.4,26.9,0,1,5,38.68,1
27.6,26.8,3,623,3.3,3.3,24.0,1.5,4.0,1.5,0.4,17.7,0,1,1,20.73,1
31.1,62.5,6,1718,6.3,9.1,13.3,1.8,1.8,3.6,0.8,13.1,1,0,3,28.79,1
38.0,75.2,6,572,8.7,9.6,20.3,1.1,2.9,2.8,0.4,11.7,0,0,1,35.55,1
30.0,83.4,2,1349,3.4,4.3,18.1,3.1,1.1,2.1,1.1,30.9,0,0,2,29.83,1
27.3,67.3,3,752,0.9,5.5,21.3,3.2,1.4,2.8,1.7,25.4,0,0,7,25.85,1
25.7,65.6,5,1150,4.5,4.2,23.7,0.5,4.1,7.2,0.8,27.5,0,0,7,27.43,0
30.6,72.5,5,1398,1.6,7.0,17.3,5.4,6.5,3.7,0.3,11.9,0,0,3,29.69,1
34.6,95.0,4,1689,3.0,12.2,19.0,0.5,3.6,1.2,2.4,12.5,1,1,10,27.65,1
30.2,75.9,1,1876,1.4,12.0,21.3,3.1,0.5,3.4,0.4,21.8,0,1,10,26.02,1
31.0,50.6,6,1739,2.2,10.7,16.0,2.2,4.6,5.4,0.7,22.1,0,1,8,34.48,1
42.7,53.7,6,1601,1.4,11.1,14.7,2.1,6.0,2.9,0.4,20.6,0,1,5,32.72,1
25.6,70.3,5,1677,6.5,10.4,20.1,1.9,4.4,3.9,0.0,23.4,1,0,12,32.46,1
24.1,53.5,5,1750,1.8,11.0,23.4,1.5,5.2,4.5,0.9,23.1,0,0,12,27.82,1
30.8,76.0,2,1670,9.2,12.8,11.2,1.0,3.9,3.2,0.6,24.6,0,1,4,36.41,1
28.4,67.1,1,1923,3.9,7.5,17.0,0.1,7.2,5.2,0.4,7.8,0,1,2,24.34,1
32.3,63.0,2,1044,1.7,10.0,16.9,0.3,5.1,5.6,0.1,22.7,0,1,8,28.3,1
35.7,68.2,3,1325,4.6,17.1,18.2,1.8,2.8,2.0,0.1,11.0,0,0,11,30.14,1
31.3,45.5,1,1192,1.1,13.4,19.9,1.0,0.7,6.2,2.4,18.8,0,0,1,24.31,1
28.5,54.3,5,1656,6.6,8.0,16.2,2.1,3.2,0.0,0.1,26.0,0,1,3,33.22,1
32.1,60.7,5,937,1.2,9.7,21.0,6.1,5.1,0.0,1.2,20.7,1,1,2,27.38,1
31.9,64.6,2,863,4.8,12.3,10.8,5.3,3.6,1.0,0.6,22.3,0,0,1,28.64,1
29.0,65.9,3,1086,1.9,7.7,14.1,0.8,5.4,2.6,0.6,32.0,1,1,5,25.51,1
26.6,66.1,4,804,5.0,1.0,10.7,2.2,5.4,1.6,0.3,11.4,1,1,1,16.19,0
32.8,94.0,2,1434,4.3,7.3,16.3,1.5,4.2,2.7,3.2,10.6,1,0,3,25.6,1
28.5,41.7,1,1526,1.2,8.8,18.0,2.0,8.5,2.8,0.5,28.6,0,0,9,28.31,1
23.7,82.4,2,940,5.9,10.0,19.4,3.7,1.3,1.4,0.1,22.8,1,0,9,26.14,1
32.9,71.9,3,2051,2.6,8.0,16.1,4.9,0.0,3.8,1.1,4.0,0,0,10,23.91,0
26.9,54.1,3,1598,4.0,13.4,18.4,1.4,2.5,5.3,0.4,29.5,0,1,11,32.99,1
26.8,66.4,3,1562,4.1,18.0,15.9,0.2,3.3,3.9,0.0,20.6,0,0,12,25.56,0
32.7,56.3,4,1247,6.8,14.5,16.9,1.9,3.7,5.8,0.3,19.3,0,1,11,30.18,0
25.5,60.8,5,1471,0.7,4.8,10.7,2.9,1.9,3.4,0.9,15.0,1,1,2,25.47,1
28.6,69.0,6,2155,5.8,5.7,12.3,2.5,1.5,4.7,0.3,18.2,0,1,12,35.44,1
24.5,71.8,2,1177,2.9,6.5,17.1,2.0,3.3,1.9,1.5,26.7,1,1,5,21.83,1
21.8,67.5,2,1538,8.1,7.7,12.1,0.4,1.8,4.2,0.4,13.4,0,1,2,26.58,1
30.9,78.7,4,1257,1.0,9.6,20.5,4.6,3.7,2.2,1.1,15.7,1,0,10,23.08,1
37.2,45.7,5,608,3.4,7.7,21.6,0.8,4.9,2.5,2.4,13.7,0,0,7,26.94,1
25.0,82.5,5,514,2.7,4.9,16.1,3.4,6.5,1.2,3.3,12.7,0,0,5,24.2,1
35.2,67.4,5,788,2.3,8.5,21.4,2.6,1.0,2.4,0.7,10.0,0,1,2,25.98,1
34.7,50.8,1,797,2.3,11.9,20.5,8.0,1.5,3.7,1.5,21.4,0,0,9,31.96,1
36.9,81.2,5,1839,0.8,2.9,23.1,0.8,5.7,3.2,1.7,12.2,1,1,8,26.78,1
24.1,67.3,6,1030,6.6,5.8,14.6,1.9,0.0,5.6,0.7,21.3,0,0,8,26.24,0
26.1,60.7,5,1422,7.8,11.1,16.9,0.7,2.7,0.8,0.6,5.3,1,0,10,27.65,1
37.6,62.6,2,1124,2.4,6.2,19.0,2.8,2.7,3.8,1.8,15.6,0,0,4,25.28,0
29.2,57.3,3,1314,3.3,12.9,18.9,0.7,7.1,4.7,2.9,35.5,0,1,5,36.41,1
29.4,43.2,3,1309,4.9,9.3,19.6,1.8,5.9,4.0,2.0,21.5,0,1,6,31.23,1
33.0,64.8,3,400,1.2,8.7,11.6,3.0,4.8,5.7,1.0,29.2,0,1,10,28.01,1
32.5,69.3,5,959,4.4,5.5,17.0,0.5,2.8,4.2,0.1,18.5,0,1,9,26.08,1
26.7,56.3,6,400,1.6,7.5,17.7,3.9,3.0,6.1,1.1,16.9,0,1,5,28.97,1
28.4,61.8,3,1193,3.2,6.5,10.3,2.1,4.5,4.8,0.1,25.0,0,0,2,27.63,1
32.6,28.4,2,1831,1.2,10.0,18.5,2.3,4.9,4.1,0.9,12.6,1,1,6,24.62,1
30.8,79.3,1,1051,1.8,8.8,14.3,2.9,9.8,4.5,1.1,27.0,0,0,9,29.83,1
25.8,53.9,1,1244,1.5,11.5,24.0,0.6,4.8,2.1,2.0,27.3,0,0,12,24.5,1
35.8,48.0,1,1467,9.0,9.7,18.6,1.4,2.3,7.3,1.4,8.6,1,1,2,30.8,1
33.7,73.3,6,867,3.3,2.5,21.3,0.9,1.8,4.5,1.0,16.7,0,1,12,30.98,1
27.9,79.8,6,1625,3.6,12.0,21.6,3.0,2.1,5.6,0.3,10.4,0,0,9,27.16,0
26.7,69.0,1,866,3.5,7.5,13.8,0.7,2.4,5.5,0.6,21.1,1,0,6,18.51,0
34.1,76.3,6,1860,3.1,11.0,12.3,0.6,1.0,5.8,2.4,16.3,0,0,8,30.44,0
17.5,64.5,1,1382,3.9,8.9,13.3,0.5,6.6,5.0,0.5,20.8,1,1,7,20.02,0
30.0,57.8,5,709,2.5,6.1,11.9,3.5,1.4,3.3,0.3,18.8,0,0,6,22.94,1
26.5,85.1,4,831,1.5,5.6,22.3,5.5,4.4,5.7,0.1,22.9,0,1,7,29.87,1
26.1,30.4,4,1785,6.2,14.8,15.1,0.6,4.6,2.6,0.8,11.3,0,0,2,27.75,0
33.9,46.8,2,400,5.0,12.5,24.0,5.9,0.2,3.1,1.9,20.2,0,1,5,27.91,0
31.0,61.4,6,724,1.1,3.9,24.0,0.2,6.5,5.0,0.4,7.9,1,1,4,24.76,1
43.0,76.2,1,1156,6.7,12.8,19.7,0.4,3.8,5.6,0.7,21.0,1,1,2,34.37,1
28.5,69.2,5,1495,0.6,11.7,15.6,2.4,2.8,6.4,2.3,22.8,0,0,5,31.78,1
31.4,61.8,5,806,4.7,2.4,16.5,0.3,4.0,6.3,1.2,15.0,0,1,9,26.29,1
22.6,62.1,6,630,1.0,10.7,20.0,1.3,7.1,2.9,0.1,4.4,1,0,7,16.47,0
34.6,73.8,2,1986,0.7,6.8,14.3,1.8,3.9,6.0,2.7,10.4,0,1,9,29.75,1
26.6,60.0,1,911,5.7,11.7,23.9,1.6,3.7,3.8,2.6,29.4,0,0,12,33.3,1
30.7,66.7,5,657,1.1,8.1,17.4,0.2,1.6,0.9,0.9,16.4,1,1,4,16.62,0
36.1,68.1,5,1980,5.1,7.1,22.8,3.4,4.1,6.4,0.5,9.2,0,0,9,36.9,1
35.5,48.3,4,902,1.2,6.0,17.9,0.9,1.8,1.4,0.4,21.8,0,0,3,26.89,1
32.1,52.6,3,1114,1.6,7.8,14.2,4.9,3.4,4.7,1.0,12.8,1,0,6,24.28,1
36.0,58.5,4,1222,1.5,8.8,17.4,1.1,0.0,0.0,2.7,23.9,1,0,9,28.46,1
27.4,68.2,3,1358,3.0,9.2,20.5,1.8,5.6,1.0,1.4,15.8,0,1,11,24.19,0
25.0,79.5,1,1463,3.5,14.2,19.5,3.7,1.3,2.8,0.8,24.1,0,0,12,28.26,1
22.0,53.5,6,1349,1.5,7.9,16.3,5.2,4.2,1.5,1.3,16.8,1,1,9,21.66,0
32.4,38.0,4,1332,1.3,8.1,16.1,1.5,5.1,1.0,0.6,9.5,0,1,11,22.74,1
39.4,79.6,5,1363,7.7,5.7,17.5,1.3,1.2,2.0,1.8,7.5,0,0,11,34.81,1
28.0,44.6,4,1608,3.1,7.8,24.0,3.5,5.1,5.3,0.4,4.8,0,0,12,28.86,1
29.7,78.6,3,1641,2.7,10.9,8.5,3.9,1.2,6.5,0.1,17.9,0,0,9,25.11,0
28.0,53.3,6,795,2.3,14.6,8.8,1.9,3.4,3.4,0.6,8.1,0,0,10,22.77,1
32.0,54.3,4,1183,1.4,4.8,17.7,0.8,5.8,1.8,0.3,17.4,0,1,4,25.19,1
20.5,62.4,4,1857,5.2,11.5,19.7,2.1,3.9,4.6,0.6,18.7,0,1,3,34.66,1
33.9,51.0,6,1137,8.0,5.5,17.7,0.3,7.8,4.5,0.3,17.2,0,1,10,33.45,1
35.0,76.0,4,1553,2.9,6.1,24.0,1.6,1.9,4.4,0.1,26.9,0,1,9,27.88,0
26.2,73.1,5,1179,4.4,7.5,17.6,2.0,3.1,1.8,0.2,7.2,0,1,11,25.23,1
24.6,28.8,2,856,5.2,5.4,17.8,1.2,5.0,3.7,0.5,33.0,0,1,1,24.98,0
25.2,62.7,1,1010,3.5,10.0,21.3,0.0,4.3,5.8,1.6,4.0,0,1,11,16.17,0
32.3,43.2,4,1298,6.2,12.6,13.6,2.4,1.0,4.9,0.3,24.0,0,1,8,32.71,1
36.8,65.6,2,1849,6.4,9.3,21.9,1.1,4.6,6.1,1.3,10.3,0,1,5,31.39,0
24.6,71.1,3,1490,4.5,8.3,21.3,2.0,2.5,1.6,0.1,28.7,1,1,10,28.02,1
21.9,52.9,5,934,5.4,6.4,19.4,1.6,2.6,4.0,0.8,22.8,0,0,1,30.49,1
30.1,64.7,2,1657,0.8,11.8,15.6,0.5,3.2,1.6,2.6,33.3,0,0,9,28.76,1
30.9,63.0,6,1347,1.3,7.4,16.6,3.7,1.0,3.2,0.3,8.6,0,0,8,21.78,0
33.1,69.7,1,400,1.5,10.1,14.2,1.3,4.4,4.9,1.0,8.5,0,0,3,18.6,0
26.1,63.6,3,1924,2.1,7.5,19.6,3.0,2.4,5.4,1.3,14.4,0,1,10,25.94,1
33.2,51.4,4,1819,7.9,8.5,18.0,1.7,0.0,5.0,0.6,19.2,0,0,12,33.71,1
35.0,72.5,5,1735,12.0,3.0,9.0,0.3,7.2,2.7,1.3,6.6,0,0,6,34.12,0
21.4,68.8,3,1796,4.5,10.2,13.7,0.6,6.1,5.2,0.4,11.7,0,1,11,25.59,0
28.0,38.0,6,734,1.8,11.6,16.1,5.8,4.8,4.0,0.3,20.9,0,1,11,28.05,1
32.6,58.6,4,1293,3.5,6.9,15.4,4.5,4.9,0.0,3.1,19.3,0,1,4,31.82,1
33.3,50.5,6,1987,3.9,8.6,21.3,2.2,4.3,2.7,0.3,23.8,1,1,9,31.01,1
26.7,61.5,3,1281,2.2,7.8,8.0,7.6,2.7,0.0,1.6,21.4,0,1,7,30.6,1
19.8,28.2,2,926,4.0,5.0,21.1,6.7,0.8,2.7,0.2,28.5,1,1,12,23.69,1
25.6,55.7,4,754,1.2,9.1,21.1,3.8,3.4,5.9,1.2,24.2,0,0,9,25.23,1
22.4,90.3,5,1091,1.8,12.0,24.0,3.5,4.0,1.2,0.3,23.2,1,1,5,24.15,1
26.8,44.1,3,786,2.8,9.1,17.4,0.3,2.6,0.0,2.5,25.5,0,1,2,25.69,1
34.6,63.9,1,832,2.7,8.6,21.6,1.3,1.6,6.8,3.5,16.0,0,1,10,30.1,1
26.3,89.8,3,735,2.4,6.6,19.4,2.1,0.0,0.0,1.1,7.2,0,1,6,18.1,0
29.8,69.5,3,1586,3.3,9.9,13.8,1.1,3.5,0.0,2.6,19.1,0,0,1,28.81,1
23.4,78.0,2,779,1.5,7.8,18.8,1.7,4.5,2.9,0.2,6.8,0,0,5,14.45,0
34.0,61.5,4,1654,3.5,10.0,15.7,1.6,1.7,0.3,0.2,20.9,0,0,10,31.09,1
26.3,44.6,5,1018,3.9,5.1,13.0,0.0,2.6,6.4,0.8,23.8,0,0,1,28.75,1
24.2,49.8,6,1750,3.2,8.8,11.8,3.8,3.8,4.2,0.2,28.1,0,1,6,33.97,1
38.7,70.7,4,888,8.6,6.5,17.3,2.2,5.1,5.8,1.0,18.2,1,1,1,36.28,1
31.1,51.8,5,1002,2.6,9.3,22.9,0.3,5.3,0.0,1.4,25.7,0,1,11,29.42,1
32.8,60.9,3,1919,4.5,8.8,21.7,3.2,2.8,3.6,0.6,19.1,1,1,6,27.59,1
19.4,53.3,1,816,5.4,8.6,16.0,0.9,5.2,2.1,1.4,25.6,1,1,8,24.07,1
36.5,38.7,2,1405,0.7,6.2,13.0,3.0,3.5,0.9,0.3,16.9,0,0,3,22.68,1
38.0,25.0,4,2143,3.2,4.9,8.1,4.2,5.4,6.6,5.0,18.1,0,0,5,36.23,1
28.7,75.1,4,1015,3.4,9.7,24.0,3.2,6.1,3.3,1.3,23.6,0,1,10,30.11,1
27.9,43.8,4,1576,3.5,8.8,21.5,0.6,5.7,0.3,0.1,27.1,0,1,1,25.53,0
26.5,47.3,2,945,2.9,5.9,19.7,3.8,3.5,2.6,1.1,17.2,0,1,2,24.29,1
34.7,64.0,5,950,3.9,4.7,17.8,1.7,1.4,4.5,0.0,15.3,0,1,12,25.09,0
21.5,61.0,3,978,3.6,14.8,23.4,1.7,6.2,5.0,0.6,30.1,0,0,7,31.76,1
31.0,58.0,5,1517,0.7,10.5,22.3,6.1,1.9,1.4,0.8,17.5,1,1,4,24.32,0
39.3,69.3,4,1359,3.7,8.8,10.2,4.1,4.3,7.8,0.2,9.2,0,0,2,32.24,1
30.0,70.9,2,1058,0.8,9.5,18.1,1.7,3.9,3.3,0.2,25.2,0,1,3,26.96,1
39.2,58.8,3,961,3.7,15.3,18.5,2.5,1.0,1.5,1.0,22.7,0,0,2,29.78,1
29.5,51.3,3,1303,2.1,9.6,14.9,1.1,5.5,4.4,0.3,25.1,1,1,8,24.11,1
27.8,76.8,4,1544,12.0,8.3,19.0,2.8,3.1,3.9,0.1,19.2,1,1,2,31.93,0
33.9,62.8,3,1415,6.2,14.1,19.4,2.6,1.9,0.1,0.6,15.4,0,0,10,28.11,0
29.0,56.4,2,1180,2.0,5.3,23.8,0.2,4.1,1.6,0.5,20.7,0,0,6,20.42,0
29.8,59.8,1,1675,2.3,9.3,20.7,0.7,4.1,2.3,0.5,31.4,0,1,7,29.32,1
27.3,80.3,6,2440,2.4,9.8,22.4,3.5,0.0,4.4,0.3,11.0,1,0,2,30.61,1
23.3,94.1,5,2055,5.3,10.9,20.6,0.9,4.0,1.5,0.6,9.5,0,1,11,29.88,1
27.8,61.2,5,2159,2.3,10.1,16.7,0.8,5.4,4.6,0.1,24.8,1,1,9,27.62,1
32.9,58.8,4,1177,4.7,8.2,15.6,0.7,1.3,4.6,0.8,13.7,1,1,7,23.3,0
34.7,72.7,1,897,2.1,14.3,24.0,4.1,4.0,6.0,1.4,14.0,0,0,2,28.57,1
29.0,71.8,6,1320,3.5,6.6,22.2,1.8,4.4,2.1,1.6,25.6,1,1,8,26.83,1
30.9,78.5,2,1264,1.2,9.5,17.1,0.7,2.6,2.3,0.5,19.4,0,0,10,25.9,1
24.7,64.2,4,1331,2.6,11.0,15.7,0.6,3.7,0.0,0.4,16.1,0,0,7,20.39,0
28.5,52.5,6,1692,8.4,5.6,23.1,3.9,1.4,0.7,1.7,14.1,1,0,12,29.25,0
28.6,80.7,6,1297,1.3,9.4,13.7,1.3,0.0,2.3,0.8,24.6,0,1,3,28.22,1
28.7,53.2,4,1436,1.9,4.0,14.0,2.9,6.6,0.6,2.2,7.3,0,0,11,24.35,1
29.6,55.8,1,1592,3.3,3.8,11.9,0.4,0.5,2.9,0.2,23.6,0,0,11,22.34,1
31.1,53.0,6,1030,0.5,9.3,19.6,3.7,2.7,5.8,1.4,7.5,0,0,5,24.75,1
35.4,67.1,2,1523,0.7,8.2,13.4,2.3,3.7,0.0,0.5,13.6,0,0,4,24.38,1
33.2,43.8,2,1543,2.2,11.2,19.2,0.7,3.9,6.7,4.4,32.7,0,0,5,32.14,1
31.9,52.7,6,971,3.5,10.6,15.4,3.1,1.7,4.3,2.2,20.9,0,0,12,28.88,0
23.3,89.0,2,1148,5.2,9.2,21.0,0.2,5.9,4.0,0.1,15.3,0,0,12,21.95,0
25.3,77.3,3,1941,5.7,4.4,13.3,3.6,0.0,2.3,1.6,24.0,0,0,5,31.12,1
29.6,76.6,2,1111,1.6,5.8,20.7,6.5,3.8,3.9,0.4,22.2,0,1,2,29.8,1
29.9,77.7,5,1126,1.4,14.0,20.8,1.1,3.5,0.8,0.5,30.1,0,1,12,31.49,1
33.0,91.7,2,1087,0.5,4.0,16.2,0.8,2.7,1.8,0.6,9.1,0,1,3,20.57,1
20.6,54.3,1,1197,1.7,6.2,20.7,1.5,3.8,2.7,1.2,10.0,0,0,1,20.71,1
30.3,65.0,3,1139,2.7,9.8,10.2,1.1,0.5,2.1,3.3,18.4,0,0,11,25.01,1
30.0,76.9,5,1662,1.7,7.2,24.0,2.1,2.4,6.8,1.4,16.7,0,1,10,32.7,1
27.7,59.5,6,1697,3.0,10.8,16.9,2.7,2.8,4.0,1.6,17.2,1,0,8,26.0,0
25.4,69.6,5,1407,3.1,9.8,17.3,1.9,4.9,3.1,0.4,14.7,0,0,2,25.61,1
30.5,57.0,2,1522,8.0,10.9,20.3,2.3,2.7,3.7,0.8,13.1,0,1,4,33.59,1
28.6,68.8,2,1700,3.9,9.4,21.0,0.9,7.3,3.7,0.9,26.7,0,0,7,32.31,1
31.7,71.2,5,1078,2.1,8.3,19.8,0.9,0.7,4.4,3.6,18.6,0,1,9,27.68,1
19.4,76.3,1,1033,4.4,8.9,12.6,5.4,3.4,0.0,2.4,14.8,1,0,5,22.89,1
24.9,75.0,3,1732,2.8,9.2,15.7,2.6,4.2,3.0,2.1,10.4,1,1,7,22.86,1
37.0,71.8,6,1866,0.9,3.6,23.0,2.9,4.6,3.3,1.1,17.5,0,0,5,35.39,1
30.5,33.5,3,734,1.8,11.5,14.8,2.7,5.9,4.7,1.5,18.1,0,0,4,28.48,1
25.5,67.7,2,1713,2.3,10.0,24.0,1.0,2.5,3.4,1.9,14.2,1,0,3,23.31,1
27.8,63.1,1,1367,3.2,7.1,11.7,0.3,0.8,1.8,3.1,30.4,0,1,9,25.39,1
23.0,63.6,6,1909,0.5,6.8,21.6,1.0,1.7,3.4,1.2,12.1,0,0,6,23.75,1
36.5,52.1,3,1448,2.3,8.1,17.8,2.0,2.7,4.1,1.0,22.1,1,0,12,26.29,1
36.5,74.3,2,762,3.6,3.2,20.0,1.3,1.2,1.1,0.0,23.5,0,0,1,26.99,1
33.8,66.8,4,797,2.0,5.6,16.0,0.7,4.2,2.0,1.8,16.7,0,1,11,25.95,1
35.4,58.8,6,1412,1.5,10.8,20.8,1.4,5.3,3.2,1.0,15.2,1,0,6,25.02,0
31.8,65.7,1,1747,4.1,10.8,20.2,1.3,2.7,2.9,0.1,27.4,0,0,9,29.98,1
36.0,72.0,6,830,2.3,9.6,11.4,2.5,6.0,1.1,0.3,22.3,0,1,7,30.68,1
32.6,50.9,3,609,3.4,10.8,24.0,0.9,5.1,6.7,0.8,11.1,1,1,3,22.94,1
36.5,77.1,2,1329,3.3,7.5,14.2,0.7,5.9,3.4,1.7,14.9,0,0,5,29.45,1
29.3,67.7,4,1227,4.7,9.9,21.5,0.5,1.1,6.2,1.0,8.6,1,1,11,23.63,1
29.0,74.3,4,2504,5.9,12.5,18.9,0.3,7.3,1.2,0.5,7.5,0,0,8,25.93,0
26.7,57.7,3,891,3.0,7.7,21.2,2.0,1.6,3.1,0.5,16.1,1,1,1,19.89,1
27.1,58.8,5,1001,9.2,10.3,15.5,6.2,5.0,3.9,0.6,31.2,1,0,5,33.64,1
21.7,50.4,4,802,9.4,9.7,19.9,2.4,3.7,2.8,0.4,15.9,0,1,12,33.94,1
36.1,55.2,2,919,2.7,4.7,22.4,3.6,2.3,0.0,0.5,22.9,0,0,7,24.67,1
36.5,68.5,1,1127,2.3,10.4,15.9,0.5,1.9,5.0,0.2,26.0,0,1,3,24.97,0
33.1,64.7,5,1673,4.7,1.6,18.4,2.8,7.0,1.7,0.9,10.9,0,1,11,29.97,1
34.5,68.0,3,1510,4.6,4.0,9.7,2.2,5.7,3.6,1.1,29.5,0,1,4,31.34,1
30.6,44.3,5,1622,3.6,10.0,16.4,0.5,5.2,1.1,0.2,4.0,1,0,8,21.42,0
31.9,62.8,4,834,2.7,5.7,16.0,2.4,2.8,4.2,1.9,8.7,1,1,12,23.95,1
22.8,81.8,2,1017,6.7,14.0,10.4,2.3,2.6,0.8,0.2,39.1,0,0,1,28.2,0
29.1,60.9,4,1521,1.3,10.4,13.4,3.0,5.1,0.9,1.5,8.6,0,1,1,25.9,1
20.5,70.2,5,1301,2.0,12.4,22.8,1.0,1.3,2.3,0.1,10.7,0,0,1,22.68,1
26.1,56.9,6,1005,2.2,11.2,18.4,1.6,3.7,2.6,0.2,15.2,0,0,5,21.87,0
28.1,77.3,4,1192,2.1,14.3,14.7,4.0,4.7,5.9,0.2,4.8,0,0,11,23.7,0
27.9,63.5,2,1691,4.9,5.8,19.2,4.1,0.9,2.5,0.0,19.0,0,0,11,27.55,1
24.2,69.4,2,1828,0.7,8.6,16.5,0.7,6.1,4.2,0.6,15.6,0,1,7,24.72,1
35.9,66.5,2,2017,8.8,11.3,17.1,1.7,2.5,2.3,2.9,34.0,0,1,3,44.7,1
34.4,95.0,4,1342,1.1,8.5,13.0,1.9,3.4,5.9,1.1,18.9,0,0,4,22.64,0
26.9,58.4,1,2236,1.6,8.6,11.3,2.8,2.8,2.9,1.3,15.8,1,0,7,22.38,1
23.4,89.0,6,1280,5.4,5.3,17.2,3.5,2.8,4.7,3.6,11.8,0,1,7,29.6,0
27.1,45.4,2,1499,4.9,4.1,19.1,1.7,2.2,8.5,0.3,32.1,0,0,3,29.73,1
34.1,67.3,5,1711,3.0,5.0,20.0,2.9,0.8,4.2,1.4,18.6,0,0,9,30.25,1
20.0,75.7,4,991,0.3,3.6,16.4,4.0,4.0,3.3,1.1,14.9,0,0,10,21.32,1
33.5,59.1,2,1347,1.4,7.9,18.0,0.4,4.3,3.2,0.7,18.6,0,1,5,22.97,0
28.8,78.7,3,1125,4.0,8.0,18.9,0.2,0.0,4.8,2.7,10.1,0,1,5,26.85,1
27.5,85.6,4,2127,2.1,5.5,18.4,1.7,4.3,2.8,0.1,23.4,1,1,5,22.35,0
34.5,63.3,5,1724,5.2,12.7,15.3,1.1,3.6,5.8,1.7,24.1,0,0,9,36.71,1
29.6,64.6,1,658,2.0,10.0,21.2,0.3,4.9,0.0,1.5,23.3,0,0,6,24.55,1
27.7,58.7,6,1414,2.7,4.7,13.4,2.4,2.8,2.3,0.3,17.8,0,0,4,29.45,1
35.6,43.3,3,1690,0.2,9.7,24.0,0.6,6.0,3.4,1.2,19.2,0,1,9,26.98,1
21.6,57.5,6,2138,1.6,2.8,15.1,0.3,5.4,7.6,0.1,14.3,0,0,10,25.97,1
37.5,69.1,1,1341,0.8,11.7,12.7,0.9,6.5,2.9,0.6,31.7,0,0,12,26.99,1
25.3,74.0,3,400,8.2,8.4,11.8,3.8,4.1,1.1,0.7,24.8,0,0,4,27.75,1
25.3,62.4,2,1331,2.5,9.2,22.0,2.1,3.4,1.7,0.2,22.2,0,0,9,24.85,1
37.3,56.4,2,1905,1.9,14.0,23.0,4.4,4.2,3.7,0.2,24.7,0,1,8,36.11,1
43.0,60.9,5,1441,9.6,10.9,16.6,0.7,1.8,3.4,1.2,25.0,0,0,5,41.53,1
35.6,58.9,4,852,10.0,10.0,19.7,0.5,0.8,1.7,0.7,27.5,0,0,4,37.26,1
25.3,77.5,2,1093,1.9,9.2,17.1,0.3,2.5,3.4,0.0,15.9,0,1,7,21.6,1
18.7,68.8,4,1091,2.4,7.6,18.0,2.3,6.2,3.5,0.1,18.0,1,1,9,23.02,1
30.7,33.1,1,2147,12.0,9.7,17.1,0.2,4.6,3.1,1.2,18.5,1,0,9,33.5,1
29.5,63.1,2,1343,1.9,10.9,23.4,0.9,1.7,4.0,0.3,4.0,1,0,4,18.47,1
26.6,73.7,3,738,6.7,9.1,16.5,1.1,2.9,3.4,3.1,24.0,0,1,4,27.31,0
28.9,31.6,4,1018,2.6,10.2,13.7,3.4,3.9,0.7,1.1,7.2,1,1,1,22.25,1
26.1,70.2,6,1979,7.7,16.4,20.1,4.1,4.7,1.4,0.7,17.4,0,1,11,34.69,0
33.7,62.2,5,400,1.3,12.9,22.9,2.4,2.0,4.4,0.2,24.3,1,1,9,25.83,1
29.1,78.9,2,400,0.9,8.2,17.8,1.1,5.2,3.2,0.5,19.3,0,1,3,22.96,1
28.4,56.3,6,861,7.3,10.4,16.8,0.7,2.0,6.1,1.0,11.5,1,1,11,23.92,0
18.6,59.3,4,1198,5.2,6.5,18.6,2.8,2.7,5.8,0.1,13.3,0,0,7,25.1,0
30.7,58.5,5,483,2.1,3.7,16.6,2.7,3.0,1.6,0.7,16.8,0,1,2,24.62,1
22.3,65.9,1,1828,6.2,6.5,14.0,3.4,2.4,5.8,0.8,31.0,0,0,6,28.67,0
33.1,79.0,4,958,2.7,7.0,24.0,0.6,4.7,3.4,0.4,15.4,0,0,3,25.11,1
29.3,68.5,2,640,1.9,5.6,19.7,3.2,1.7,4.4,0.2,9.2,0,0,9,22.56,1
19.4,79.0,4,1010,3.7,6.3,18.1,3.5,2.6,0.7,0.2,18.0,0,0,4,25.55,1
27.8,61.0,4,400,3.1,7.5,15.8,1.6,2.9,6.9,3.7,21.6,0,0,5,27.3,1
23.5,64.4,3,976,5.0,7.2,22.4,2.2,6.6,5.6,0.7,17.9,0,0,3,27.52,1
32.2,68.7,1,2041,1.0,7.8,10.9,1.0,5.2,4.6,1.2,17.8,1,1,8,26.13,1
31.7,74.0,1,706,2.2,13.9,15.4,0.8,4.4,2.7,0.7,17.3,0,0,3,24.92,1
34.7,72.9,2,1235,7.4,6.8,15.8,0.4,3.1,9.0,0.2,13.6,0,1,3,31.76,1
25.6,86.9,3,1196,2.8,7.0,16.0,1.6,4.4,4.7,0.8,15.6,0,1,2,25.65,1
31.9,53.8,6,971,3.4,8.5,15.6,1.1,2.3,0.0,0.4,14.6,1,0,7,23.34,1
22.6,60.8,6,1861,8.1,12.2,19.6,0.3,3.3,1.8,0.3,21.6,0,0,4,36.38,1
31.0,69.6,6,2636,5.5,9.0,16.9,1.5,0.0,1.3,1.1,17.1,0,1,11,34.4,1
28.3,83.3,5,538,3.7,8.3,11.8,2.4,4.5,1.9,1.0,30.2,0,1,5,30.46,1
30.6,69.1,1,1205,3.1,12.6,24.0,3.0,3.1,5.2,0.4,16.2,0,0,12,29.39,1
29.3,53.4,1,851,4.7,9.2,12.4,8.0,0.0,2.7,0.1,13.5,0,0,4,22.88,0
34.4,77.7,1,1117,2.3,7.7,13.5,0.8,0.8,5.9,3.7,19.6,0,0,6,30.9,1
27.7,56.8,5,1662,1.2,11.4,21.3,0.3,0.0,5.3,0.6,12.2,0,0,8,26.85,1
28.5,60.8,6,2736,1.6,12.6,17.7,0.8,8.3,5.0,0.8,24.5,0,1,9,33.86,1
36.3,82.0,5,1348,3.4,5.7,21.2,0.8,3.0,1.8,0.4,29.2,1,1,7,32.02,1
29.0,79.3,3,1241,5.1,9.0,17.4,3.2,3.5,0.8,1.0,9.7,0,1,11,25.59,1
26.8,45.9,4,699,1.0,13.5,18.3,0.4,2.6,0.0,0.3,22.0,0,0,6,23.36,1
24.9,87.8,2,1047,6.3,5.9,16.6,0.6,1.2,0.9,0.6,4.0,0,0,2,19.67,0
29.4,69.0,1,1761,1.6,8.6,16.1,1.3,2.4,5.6,5.0,14.3,0,1,10,28.71,1
29.2,71.2,3,1076,0.3,12.9,17.5,0.4,0.6,4.1,0.4,25.9,1,1,7,22.64,1
32.6,25.0,3,693,0.8,9.2,22.5,1.4,2.1,3.1,0.2,10.4,0,0,1,21.37,1
28.5,53.9,6,852,1.7,4.3,11.5,3.4,0.5,1.2,1.1,13.8,0,1,2,24.07,1
32.8,61.7,1,453,3.5,6.2,18.6,1.5,2.0,1.2,0.8,12.0,0,0,9,23.22,1
28.1,53.5,6,892,2.2,4.7,13.8,0.6,4.5,4.5,0.9,28.1,0,0,10,25.34,1
37.3,54.8,6,1681,7.7,9.6,16.3,0.3,3.3,3.6,0.2,28.2,0,0,2,38.95,1
29.1,63.5,1,1893,2.4,10.7,18.0,1.5,4.2,4.9,3.7,14.4,0,0,3,31.12,1
32.7,67.5,1,1986,0.5,5.9,23.1,2.0,4.9,3.0,0.8,14.6,0,0,6,23.73,0
31.3,69.0,6,1055,2.1,14.6,24.0,2.9,1.2,2.0,0.6,20.5,0,1,2,25.5,0
22.9,45.6,2,940,2.7,6.9,21.5,5.7,0.8,3.0,0.5,25.2,0,1,4,26.54,1
34.5,63.3,5,1886,2.2,7.3,24.0,0.6,6.2,5.5,3.3,9.1,1,1,11,30.24,1
27.3,56.7,6,502,3.9,12.8,23.9,0.6,3.5,5.3,2.8,13.3,0,0,10,30.95,1
33.9,95.0,3,1777,4.8,17.4,24.0,1.9,2.9,3.4,2.1,20.7,0,1,6,33.3,0
19.5,67.4,4,1759,1.5,7.5,24.0,0.1,1.5,5.7,0.2,18.6,0,0,3,28.43,1
20.2,54.3,3,1078,2.1,12.0,9.8,1.0,3.7,3.5,0.6,14.0,0,1,12,24.45,1
19.5,61.2,6,1129,1.2,6.3,19.9,0.5,3.8,2.0,1.7,27.6,1,1,3,26.23,1
20.4,40.0,2,2876,3.5,6.8,21.5,0.4,3.0,2.1,1.2,24.3,1,0,8,28.43,1
27.4,63.4,5,1406,3.2,13.9,21.0,2.4,4.2,4.0,1.5,8.6,0,1,1,30.35,1
29.1,78.4,2,1327,1.8,4.3,14.2,1.7,4.3,3.2,0.2,24.9,0,0,4,24.86,1
24.4,79.2,2,2219,1.6,9.2,16.0,5.9,3.4,3.4,0.9,26.4,1,0,6,32.97,1
27.6,93.1,5,1303,3.8,9.5,20.9,4.5,1.7,6.6,0.5,15.9,1,1,8,26.23,1
25.9,57.4,4,840,4.3,9.0,23.9,3.3,6.5,5.0,1.6,13.9,0,1,1,28.44,1
32.9,48.0,5,1447,2.8,10.6,17.0,1.6,4.7,2.9,2.4,11.5,1,1,6,24.71,0
32.8,63.5,2,1700,2.4,11.4,21.4,1.0,6.3,4.7,0.5,16.7,0,1,3,28.45,1
30.8,67.5,6,1235,8.9,11.6,21.2,3.4,7.3,1.8,0.8,14.5,0,1,5,32.77,0
32.5,62.8,5,1559,1.8,9.8,18.1,4.2,5.1,5.5,0.1,7.6,0,1,12,28.72,1
37.8,80.9,4,1991,1.1,13.6,19.1,0.8,2.2,4.3,0.9,23.9,0,0,2,32.33,1
32.5,58.9,2,1094,6.0,9.4,21.2,0.3,3.7,3.9,0.4,26.7,0,1,4,33.5,1
21.7,66.8,2,1079,2.5,7.6,22.7,0.6,4.4,4.6,0.3,16.3,0,1,7,23.92,1
28.2,78.3,1,1462,4.2,13.7,18.2,5.8,2.1,0.0,0.1,29.1,0,1,6,28.44,1
27.8,67.6,6,1769,0.1,9.8,23.3,0.4,3.9,4.4,0.4,19.1,0,1,5,30.7,1
33.3,83.4,6,612,10.2,8.7,15.2,2.0,3.5,3.4,0.8,8.5,0,0,3,35.02,1
31.6,90.8,5,1728,2.7,4.7,22.8,2.0,5.1,2.2,1.2,18.3,0,1,6,29.26,1
33.5,71.2,2,400,1.8,9.4,18.4,0.8,3.3,5.1,0.1,6.4,0,1,8,22.64,1
21.6,50.9,1,1579,3.9,7.4,19.3,0.6,7.7,5.3,0.1,32.6,0,0,10,25.13,0
36.2,85.4,2,505,3.5,10.8,18.5,0.5,6.0,5.0,2.5,21.4,0,0,8,32.36,1
28.5,52.5,2,1477,1.7,15.5,16.2,0.5,1.8,1.2,0.7,23.6,0,0,10,26.07,1
34.0,61.5,5,1664,1.2,13.3,11.7,0.9,4.0,3.2,0.1,20.6,1,1,9,24.89,1
31.6,45.2,3,630,5.8,4.6,16.0,2.3,5.4,0.1,0.3,21.6,1,0,10,20.74,0
24.9,53.5,1,679,6.1,10.7,21.3,2.9,3.1,0.0,1.3,10.7,0,1,3,26.72,1
25.2,48.3,5,1441,3.1,13.1,18.3,0.7,3.8,2.7,0.6,24.0,0,0,7,30.2,1
32.2,63.8,2,1488,2.6,3.6,19.4,0.4,0.6,5.4,0.4,19.9,0,1,6,24.47,1
34.8,43.6,6,1372,5.9,13.8,19.7,2.3,7.8,2.4,1.1,19.5,1,1,2,33.4,1
24.7,50.8,5,747,3.6,9.6,17.6,1.0,3.4,6.7,0.9,11.7,1,0,12,19.89,0
23.5,59.6,3,1322,4.3,11.1,24.0,0.7,5.8,5.6,0.4,11.2,0,0,2,28.87,1
19.0,83.6,4,1222,1.1,6.9,17.8,2.6,5.1,3.8,0.0,12.8,1,1,8,17.72,0
24.5,58.6,3,1645,2.1,9.8,15.2,3.9,1.5,0.0,0.2,19.1,1,1,12,22.13,1
25.4,44.3,4,1522,5.3,8.5,9.1,2.9,0.0,2.9,2.1,17.6,0,0,12,23.79,0
27.7,51.2,2,1539,5.0,14.2,16.8,1.4,3.0,0.0,1.2,15.9,0,1,12,29.95,1
32.1,95.0,3,735,2.5,9.3,10.0,0.4,4.2,0.5,0.9,19.3,0,0,5,22.6,1
26.7,46.5,5,1741,1.1,9.0,24.0,6.4,3.5,5.2,0.8,15.9,0,0,10,29.87,1
23.6,43.8,5,1996,1.5,7.6,13.1,1.6,4.3,0.7,3.7,10.7,0,0,2,29.8,1
27.2,67.0,1,1501,1.0,6.0,15.0,2.8,6.5,4.7,1.1,20.5,0,0,11,24.85,1
28.7,67.3,3,1228,1.6,13.4,19.8,2.2,4.2,5.4,1.9,9.5,1,1,11,25.79,1
29.8,73.4,6,776,4.9,10.9,19.0,3.5,4.2,0.9,0.1,22.8,0,1,6,30.36,1
29.7,42.6,6,1058,0.6,9.8,19.2,1.8,4.0,3.4,3.5,7.9,0,1,9,29.3,1
28.1,62.4,6,760,2.9,10.1,18.7,2.0,1.0,2.3,0.9,17.8,0,0,8,25.58,1
31.7,58.2,6,1633,1.4,7.4,22.4,2.8,3.6,1.0,2.4,11.5,0,1,7,27.24,1
27.6,84.8,3,1379,0.7,10.2,19.9,0.2,5.0,0.0,2.8,18.7,0,1,9,26.31,1
23.8,80.3,2,967,4.8,3.8,18.1,1.3,0.5,2.3,1.7,20.4,0,1,1,25.85,1
28.1,37.2,4,1824,2.5,11.9,23.9,1.5,5.2,2.9,2.9,13.4,1,0,3,28.82,1
38.2,77.7,4,1324,4.2,11.8,14.1,0.3,3.0,4.8,0.6,27.0,1,0,9,30.51,1
24.9,57.8,2,1496,4.2,9.5,16.8,0.0,5.0,2.9,1.8,20.1,0,1,5,24.49,0
41.1,61.8,1,871,0.8,11.2,16.3,0.8,4.5,0.0,0.1,21.6,0,1,4,21.17,0
26.5,57.7,3,1138,7.4,6.2,17.3,1.5,4.8,4.0,1.2,17.7,1,0,5,25.17,0
32.5,38.9,1,1211,1.4,7.0,20.6,0.3,2.7,3.5,0.1,27.7,0,0,4,19.51,0
21.0,60.0,1,1152,2.8,3.6,14.5,2.5,0.4,4.6,0.6,8.3,0,0,5,18.52,1
28.5,47.5,6,1766,7.4,3.4,23.7,1.0,5.6,1.2,0.6,13.2,0,1,8,28.31,0
36.1,66.6,1,1245,4.1,2.0,15.6,1.8,4.9,2.8,0.1,13.9,0,1,6,22.21,0
23.2,56.2,2,1118,3.9,8.9,21.1,0.2,1.0,2.3,1.3,23.0,0,1,2,23.92,1
25.4,66.3,2,1985,2.1,9.5,18.9,1.0,2.3,0.2,1.2,6.6,1,0,5,21.93,1
30.6,48.9,3,1538,5.0,5.7,19.9,2.1,3.0,1.5,2.5,12.5,0,0,1,30.3,1
30.7,44.2,1,1940,12.0,4.5,15.6,2.3,3.2,7.4,4.1,14.1,0,0,7,33.15,0
21.7,73.9,2,1055,3.3,11.5,19.6,1.0,1.3,0.6,0.1,17.3,1,0,9,18.96,1
22.8,40.2,3,495,1.7,11.9,14.8,6.3,4.8,2.0,1.7,16.8,0,0,4,23.61,1
30.4,77.1,5,744,5.4,9.4,21.3,1.8,2.5,3.6,1.2,13.7,0,1,9,30.07,1
30.5,75.0,2,1426,2.9,7.4,18.2,5.7,7.2,3.9,3.0,18.1,0,0,11,32.41,1
32.6,61.3,2,1376,4.9,3.4,20.9,1.1,3.2,5.3,0.6,17.9,0,1,6,27.72,1
28.2,65.6,3,1628,0.5,15.6,14.6,1.2,4.7,1.6,0.4,19.5,1,0,11,21.94,1
32.1,50.9,2,1733,4.2,6.5,16.4,1.0,3.4,5.5,0.6,28.5,0,0,7,30.75,1
35.0,64.6,6,1253,3.6,9.6,20.3,1.8,6.1,3.8,0.9,26.1,1,0,5,28.6,0
23.0,36.6,2,1108,2.4,8.3,15.8,3.4,6.0,4.8,0.9,12.1,0,0,9,22.88,1
34.0,67.9,4,1575,2.0,11.1,15.4,5.0,4.6,5.3,0.3,12.2,1,1,6,27.53,1
32.7,57.6,1,988,3.1,9.2,14.0,4.7,4.4,1.8,0.8,13.2,0,1,5,24.59,1
35.3,61.6,3,907,0.8,8.6,21.6,2.5,1.7,1.4,1.0,16.4,0,0,9,25.91,1
27.1,38.8,1,1214,9.8,14.0,18.8,1.6,5.7,1.9,2.3,12.6,0,1,5,31.94,1
28.9,74.7,4,1538,5.7,4.3,20.2,2.6,0.2,5.2,0.8,17.5,1,1,10,25.3,0
29.4,87.4,4,1380,2.9,4.7,23.3,0.6,1.2,2.8,1.2,18.6,1,1,6,26.17,1
26.7,62.3,6,1038,1.8,10.5,20.8,1.9,6.4,2.4,1.3,12.1,0,1,1,27.33,1
34.0,61.4,3,1389,7.4,14.1,21.9,2.1,5.0,1.7,0.4,16.7,0,0,8,33.64,1
30.1,89.1,1,812,2.6,8.7,17.5,2.0,3.7,3.7,4.0,14.0,0,1,5,25.7,1
24.1,66.8,6,1429,3.5,9.2,12.7,2.4,5.1,3.6,0.3,12.2,0,0,12,27.61,1
30.3,57.8,3,468,6.8,14.6,23.6,0.1,4.5,6.3,0.0,19.2,0,0,5,28.58,1
23.8,33.8,4,1776,1.3,5.7,23.8,1.0,1.3,0.8,1.2,27.7,0,0,2,22.55,0
21.3,80.8,3,807,3.0,6.9,15.2,1.2,1.5,2.1,0.1,18.6,0,1,10,19.37,0
23.9,57.1,3,1272,1.6,9.9,12.1,3.7,3.7,4.6,0.5,8.7,1,0,6,15.35,0
29.1,73.0,3,814,3.7,13.4,20.9,1.1,2.9,0.1,0.1,8.3,0,1,2,23.07,1
29.6,77.4,1,1205,4.2,7.1,17.1,3.9,3.8,3.3,0.9,21.3,0,0,1,29.25,1
28.5,69.2,1,1514,3.7,14.2,14.0,2.2,2.9,4.5,1.4,13.1,0,1,9,26.88,1
31.7,67.9,3,400,5.4,7.4,18.8,3.2,0.8,7.7,2.0,9.5,0,0,11,26.33,1
38.4,57.2,6,1943,2.8,10.8,15.1,3.2,1.5,3.1,0.3,24.0,0,1,11,37.1,1
23.5,66.9,1,786,1.8,11.7,11.1,0.2,3.4,6.1,1.2,21.7,0,0,3,21.92,1
31.1,66.1,2,634,0.9,8.0,17.5,1.5,1.3,5.0,1.7,21.0,0,0,10,23.39,1
30.4,67.4,4,1515,7.6,9.9,16.5,1.9,0.6,2.6,0.6,21.4,0,0,9,29.71,0
23.2,44.5,3,758,1.1,14.2,18.4,2.7,2.9,4.8,0.5,31.9,0,1,4,22.22,0
26.6,48.2,5,1231,3.6,12.3,17.9,1.5,3.5,6.0,0.1,24.6,1,0,3,28.83,1
30.0,51.5,6,1218,3.5,9.0,21.8,0.8,4.4,4.4,0.6,6.2,1,0,1,21.29,0
29.2,79.6,5,1876,2.5,13.9,11.4,0.6,5.5,1.8,1.6,12.2,0,1,9,29.03,1
24.9,66.9,3,1277,3.8,10.2,23.0,5.6,2.2,0.4,0.3,8.2,1,0,7,21.23,1
32.8,37.7,1,1220,2.3,7.9,24.0,0.2,5.2,2.5,0.2,14.4,0,1,5,22.23,1
30.2,78.0,1,506,9.8,4.5,13.4,1.0,3.9,0.5,0.3,11.1,0,1,1,23.91,0
32.1,81.1,2,973,1.6,5.3,21.3,2.1,2.4,0.0,0.8,10.0,0,0,4,23.68,1
36.8,64.9,5,948,10.5,7.3,16.3,0.2,3.6,0.1,0.2,19.5,0,1,2,34.96,1
22.8,92.7,3,1314,4.0,10.0,18.5,2.9,7.4,6.4,2.2,11.1,0,0,7,30.29,1
33.8,73.8,3,1643,8.8,7.8,13.6,1.3,2.4,0.9,2.2,20.1,1,1,6,35.85,1
31.3,77.9,4,501,3.8,9.3,19.6,1.6,1.9,1.2,0.1,9.9,1,0,7,19.29,1
24.8,86.5,1,1176,2.7,10.0,14.1,1.4,4.8,0.8,0.1,31.1,1,1,6,25.06,1
28.7,71.6,5,1818,4.6,11.9,15.2,4.1,4.5,1.9,3.2,13.4,0,1,3,33.67,1
27.0,55.7,2,860,1.9,10.3,13.5,2.2,6.4,2.7,0.3,19.6,1,1,10,20.27,1
23.3,52.4,1,1367,3.6,13.2,18.5,0.6,0.6,2.2,1.3,4.7,0,0,2,21.72,1
32.9,50.9,6,1479,6.7,13.9,14.4,1.4,1.6,0.3,1.4,17.8,1,0,9,31.83,1
25.2,61.8,2,2261,1.3,13.6,24.0,2.0,6.3,3.9,0.5,17.1,0,1,6,27.87,1
19.1,61.0,5,1632,2.0,9.0,17.8,2.6,7.3,0.9,0.1,5.9,0,0,9,22.13,0
33.0,54.4,1,1114,5.0,5.2,16.6,3.9,4.8,1.1,0.7,6.8,0,1,9,24.37,1
26.6,89.8,3,979,7.4,13.6,17.6,0.5,0.7,5.9,0.1,5.0,0,1,1,25.95,1
30.8,73.8,2,1249,3.6,10.6,10.7,0.5,3.1,0.7,0.6,9.5,0,1,11,23.9,1
30.0,74.0,6,1725,1.3,12.2,9.5,4.0,3.8,6.3,0.2,15.4,0,0,7,30.1,1
27.5,64.8,5,1934,3.2,8.0,21.2,1.0,1.2,5.2,1.3,17.8,0,1,8,28.58,1
27.1,71.2,3,1150,5.4,4.3,17.5,2.7,4.5,5.0,3.0,11.3,0,1,12,30.33,1
16.7,65.8,1,1361,5.8,13.3,11.8,1.6,6.3,2.3,0.5,22.3,0,0,1,27.53,1
27.0,57.7,6,929,3.8,12.5,24.0,1.1,4.8,0.4,0.6,14.6,0,0,12,27.35,1
23.5,66.2,6,1424,3.9,7.5,13.0,0.5,5.7,5.7,0.1,24.7,0,1,5,30.43,1
31.5,42.0,2,800,1.4,9.7,16.6,0.9,6.1,5.0,1.3,4.0,0,0,12,22.31,1
25.2,60.8,6,1319,2.2,10.7,13.6,1.1,3.6,3.5,1.3,14.9,1,0,2,24.56,1
25.8,65.6,3,1103,0.6,9.3,13.9,1.3,1.8,4.1,1.1,21.8,0,0,9,24.4,1
29.5,65.5,2,1061,3.9,13.0,14.2,0.6,3.5,0.3,0.6,10.1,0,0,2,24.4,1
23.4,57.3,3,1695,2.9,5.2,10.0,6.4,3.4,1.8,4.7,15.8,0,0,2,30.3,1
25.5,61.2,1,524,4.5,7.3,10.5,1.3,4.2,1.0,0.3,12.9,1,0,4,14.19,0
26.6,73.6,3,1569,6.6,15.3,13.9,0.5,4.5,5.2,2.0,9.9,0,0,6,28.38,0
30.9,55.2,2,1171,5.6,9.1,11.7,0.2,3.9,1.8,1.3,30.1,0,0,10,30.17,1
21.9,53.5,3,1499,1.7,9.5,20.1,0.4,3.7,2.2,1.5,26.9,0,0,4,25.3,1
32.7,86.2,3,1024,2.5,11.4,19.0,0.6,1.1,3.3,0.1,20.7,0,1,4,25.51,1
28.3,57.4,1,656,1.5,15.0,21.7,0.1,3.2,5.6,0.4,31.7,0,1,11,30.11,1
26.5,60.3,2,1071,1.4,5.5,13.3,2.1,3.2,4.3,0.5,19.3,0,1,8,22.34,1
30.7,60.5,4,789,1.8,8.5,13.3,0.3,3.3,2.8,1.6,16.2,1,0,2,21.39,1
33.9,73.7,3,699,3.7,9.2,14.3,0.8,0.8,4.6,1.5,8.6,0,0,6,24.96,1
34.6,62.6,4,707,1.2,8.9,17.3,0.5,4.8,1.9,0.4,32.5,0,0,11,27.47,1
23.9,49.1,2,1261,8.4,8.1,17.8,0.3,2.3,2.5,0.3,15.9,0,1,3,23.69,0
35.5,47.9,6,409,0.4,16.5,21.5,0.2,4.5,3.7,0.1,19.6,0,0,5,24.53,0
29.2,43.2,3,1039,1.2,10.4,19.7,5.6,2.0,4.1,0.5,17.4,0,1,7,24.09,1
35.3,67.7,6,1894,5.5,11.1,16.8,0.4,7.8,5.2,4.0,15.7,1,1,8,34.22,1
23.8,57.9,3,1735,1.1,11.1,16.6,1.0,3.6,3.1,2.1,6.1,0,1,2,22.25,1
28.2,72.8,5,959,9.9,5.5,19.8,1.6,2.1,2.3,0.9,11.3,0,0,12,29.88,1
28.4,70.6,6,1767,7.8,15.2,14.6,0.7,1.5,3.7,1.4,19.6,0,1,5,39.61,1
22.8,54.9,4,788,3.2,6.5,20.9,2.8,5.0,3.6,1.2,14.5,0,0,11,24.09,1
26.8,74.1,6,1354,1.9,4.0,20.8,1.4,4.9,3.3,0.4,15.6,0,1,1,26.85,1
33.4,60.9,4,1311,3.0,5.9,19.3,1.5,0.6,1.7,2.3,19.3,0,0,4,29.32,1
34.4,81.4,3,1742,2.3,7.7,17.6,1.3,3.1,5.6,0.7,24.9,1,1,6,30.1,1
32.2,72.4,6,578,4.6,5.2,15.5,3.1,3.5,3.4,1.0,10.6,0,0,11,24.98,0
30.3,70.7,2,2375,7.6,11.4,18.0,3.5,3.2,6.2,0.1,20.2,0,1,11,33.79,0
26.8,83.7,3,1549,2.3,14.0,18.1,1.1,4.8,4.8,1.8,16.0,0,1,10,31.33,1
39.0,62.4,2,1590,3.9,13.9,23.4,2.2,3.5,2.7,0.3,27.1,1,0,9,32.47,1
22.4,53.1,2,1495,5.6,9.4,20.5,0.9,1.5,1.5,2.2,12.1,0,1,6,24.53,0
23.1,66.7,1,1479,6.9,12.1,13.5,8.0,1.4,5.0,0.7,13.4,0,1,5,30.09,1
25.2,57.8,1,1831,6.0,11.1,21.5,0.2,5.4,7.2,1.5,5.5,0,0,2,28.21,1
29.8,95.0,5,1487,4.3,9.7,14.2,0.7,2.9,2.2,1.1,6.4,0,0,6,28.7,1
26.7,58.1,2,1044,1.6,10.4,19.4,2.6,2.9,3.2,1.9,15.9,0,1,5,25.85,1
32.7,57.2,2,601,1.1,5.2,18.1,0.7,4.8,3.4,0.6,23.5,0,0,3,21.62,1
21.3,52.9,2,1970,6.2,12.2,15.9,0.4,6.0,0.3,0.4,28.3,1,0,10,27.62,1
33.0,88.6,3,1649,2.7,9.6,19.3,0.3,1.9,1.8,0.2,12.5,0,1,4,24.64,1
37.5,42.6,5,1140,4.1,4.3,15.9,2.0,2.0,4.7,1.0,16.1,0,1,8,27.65,0
33.2,57.7,3,1019,1.1,8.7,8.0,0.5,4.9,1.9,0.4,26.7,0,0,5,25.74,1
27.5,59.4,5,1476,5.8,8.7,15.8,0.7,1.1,3.7,2.5,14.1,0,1,2,32.81,1
26.0,57.0,2,827,4.9,4.2,15.0,0.5,3.5,3.3,1.1,24.0,0,0,1,22.01,0
34.2,61.4,3,1461,7.3,9.3,19.3,3.1,3.7,0.9,0.8,24.5,0,0,9,29.6,0
20.7,75.1,4,1857,2.4,10.3,21.7,0.6,3.1,2.2,1.5,9.4,0,0,11,23.75,0
25.1,43.6,6,567,4.7,9.5,18.3,4.2,7.8,1.4,2.0,19.2,0,1,3,30.3,1
20.8,56.2,5,1093,1.9,10.7,19.2,4.0,3.5,2.5,1.3,19.1,0,0,4,25.96,1
28.2,71.0,2,1538,3.8,8.9,11.2,3.4,4.7,6.2,0.3,18.5,1,1,8,28.78,1
37.9,73.0,2,1764,9.2,7.5,24.0,4.2,0.9,3.5,0.7,23.5,0,1,10,38.49,1
26.8,80.1,6,1558,4.2,7.5,15.8,2.6,5.7,1.8,0.7,13.6,1,0,8,21.61,0
34.1,57.1,5,1245,4.4,3.5,22.4,1.2,3.9,5.8,1.0,20.8,0,0,3,32.14,1
23.7,35.8,6,860,1.4,12.6,24.0,2.1,3.1,1.5,0.6,15.6,0,0,4,22.59,1
26.2,66.7,5,1247,2.8,10.6,17.9,1.3,5.1,3.4,1.0,19.1,0,1,12,30.5,1
26.1,83.9,4,400,4.2,8.3,20.8,1.0,2.0,3.5,0.8,32.6,0,1,3,30.41,1
34.0,64.4,3,764,2.1,9.9,10.7,0.0,3.8,0.2,1.7,25.3,0,1,6,29.88,1
24.7,72.2,6,1581,2.7,5.6,14.1,1.2,2.9,1.4,0.2,18.6,1,0,12,25.94,1
25.6,57.4,1,1119,1.4,9.0,18.9,2.5,5.0,3.7,1.7,17.6,0,1,11,24.46,1
28.9,54.8,3,974,4.6,11.0,18.0,0.8,9.1,4.8,1.4,14.9,0,0,6,29.17,1
36.4,69.7,4,1871,2.5,10.5,19.3,1.6,2.7,6.0,1.1,4.0,1,0,2,23.36,0
29.2,39.0,1,931,1.4,8.0,24.0,3.9,0.5,3.6,1.6,26.6,0,1,8,26.94,1
37.6,69.0,4,1544,1.7,2.4,20.3,0.2,4.2,3.3,3.3,24.5,0,0,8,30.93,1
30.8,65.6,1,1619,3.7,7.3,9.6,4.8,3.0,4.8,1.5,13.0,0,1,6,29.4,1
27.7,75.1,3,1322,1.2,10.7,18.4,2.2,4.6,6.9,0.4,17.9,0,0,3,25.12,1
34.5,57.0,6,1290,3.5,8.2,20.7,2.6,6.8,1.8,1.1,26.3,0,1,5,36.51,1
26.1,77.0,5,843,3.3,7.0,17.7,2.7,4.3,1.2,1.2,13.9,0,0,12,24.25,1
24.5,72.1,1,2030,1.7,12.1,20.8,1.2,4.0,4.0,2.1,25.8,0,0,2,28.16,1
29.4,72.8,6,1275,4.4,10.3,13.4,1.2,4.4,6.1,2.2,25.6,0,0,3,34.39,1
21.4,48.9,5,1040,4.3,10.2,11.7,0.4,4.4,1.1,1.4,20.3,0,0,9,27.27,1
23.1,47.8,2,1776,4.0,9.0,15.9,3.0,0.0,5.6,1.2,9.4,1,0,4,26.28,1
25.0,41.7,2,1422,3.6,5.5,11.0,0.4,3.1,3.1,0.2,13.6,0,1,3,19.99,0
29.1,63.6,5,1636,6.1,10.7,17.7,2.1,3.2,5.8,1.5,21.7,0,0,5,34.97,1
34.0,50.2,1,892,0.3,8.8,20.0,1.3,5.2,2.6,3.8,27.6,0,0,11,24.25,0
34.5,71.0,4,1733,3.2,12.3,19.6,3.4,1.3,3.2,0.7,28.2,0,0,11,34.37,1
28.0,57.0,4,1124,3.4,8.4,24.0,0.4,1.8,3.1,0.2,11.5,0,1,10,27.12,1
30.1,46.4,5,854,4.8,8.0,24.0,0.7,3.1,5.5,1.0,27.4,0,1,4,31.06,1
27.4,56.7,4,1592,7.2,9.8,22.1,1.2,1.9,4.8,1.2,6.4,0,1,10,29.62,1
22.0,68.4,4,1045,1.9,12.2,17.8,2.0,3.0,5.7,0.3,21.2,0,0,11,25.43,1
30.9,59.0,1,1027,7.3,7.3,18.8,1.8,5.1,4.2,0.2,5.0,0,1,9,30.14,1
25.4,61.2,5,895,3.5,3.2,24.0,3.2,3.9,5.1,0.9,16.1,0,1,8,26.6,1
32.6,65.8,4,1881,1.5,8.3,19.9,0.6,4.9,2.4,0.3,25.5,0,1,1,29.4,1
26.3,58.6,6,714,1.3,4.1,16.0,2.1,3.8,4.5,0.3,17.4,0,1,3,22.03,1
24.0,54.1,1,953,2.9,9.1,18.7,0.6,0.0,2.5,0.2,14.0,1,1,5,15.63,1
30.5,64.9,6,1396,6.0,9.3,15.4,3.6,1.2,3.3,0.9,12.4,1,0,7,24.79,0
26.3,38.3,5,1712,6.2,11.8,14.8,1.1,1.7,2.6,1.1,18.9,0,1,12,29.5,1
22.5,55.8,2,596,3.8,12.7,21.6,5.0,1.7,1.0,0.6,26.9,0,1,3,25.27,1
33.9,50.9,5,1945,2.4,9.4,12.8,1.2,6.0,1.9,3.5,27.9,0,1,2,37.13,1
30.5,61.6,2,1439,3.9,15.9,18.1,1.2,3.8,4.4,0.8,12.4,0,0,6,25.89,0
30.4,67.2,2,626,2.3,11.6,18.2,2.3,3.2,2.5,0.7,10.0,0,1,2,21.22,1
29.3,62.1,1,1362,4.1,8.0,19.2,1.7,3.8,5.0,0.0,17.8,1,0,9,22.39,1
26.2,67.1,2,1384,4.8,9.9,19.9,0.6,3.1,1.5,2.3,27.1,1,0,9,27.67,1
16.0,59.9,5,1175,1.1,10.7,19.4,0.9,1.3,4.4,0.7,24.4,0,0,6,25.24,1
26.2,59.4,2,1220,4.8,10.9,13.9,1.5,4.5,2.3,0.8,12.6,0,0,5,19.32,0
26.8,73.0,6,781,6.0,11.8,14.3,1.8,4.4,0.7,0.6,4.0,0,1,7,23.34,0
31.0,48.7,3,1600,5.5,13.1,16.5,3.6,2.0,4.0,0.1,12.7,0,0,10,31.57,1
22.6,55.4,1,1631,5.3,11.6,16.2,2.4,1.4,0.5,1.8,17.5,0,0,1,27.42,1
31.2,67.9,2,2108,7.2,11.4,19.6,2.7,2.9,5.3,0.1,15.6,0,1,2,32.58,1
29.1,70.6,4,400,0.3,6.3,24.0,1.5,6.0,5.5,0.9,14.3,0,1,2,22.99,1
36.1,66.7,3,1460,0.2,6.8,16.4,4.1,4.0,2.5,0.7,17.1,0,1,9,29.7,1
25.4,53.3,3,1075,5.8,13.6,22.7,1.6,0.9,4.6,0.8,9.1,0,1,10,29.38,1
29.0,65.5,3,1757,1.0,15.4,18.5,0.7,6.6,3.4,2.9,22.4,0,0,2,31.83,1
30.1,72.2,1,509,2.8,4.8,17.6,4.1,9.2,1.5,3.3,25.4,0,0,2,28.78,1
31.8,50.2,5,400,2.0,8.5,16.2,0.3,4.9,6.3,0.1,23.3,0,1,10,27.56,1
35.2,88.9,2,1438,1.4,11.3,16.6,0.7,3.1,4.1,0.3,26.7,0,1,10,25.92,0
31.3,72.8,5,1199,2.8,14.4,20.6,2.1,1.7,1.5,1.1,16.7,0,0,6,30.1,1
22.1,46.2,3,1261,0.6,7.6,20.0,0.4,7.5,1.0,0.5,24.0,0,0,9,23.4,1
37.0,90.7,5,1539,0.9,4.2,14.6,0.9,4.9,2.4,0.6,9.6,0,1,5,27.89,1
19.3,52.6,5,1300,3.7,4.7,17.5,1.6,3.1,7.3,0.4,32.1,0,0,5,31.21,1
32.1,78.6,4,405,1.9,11.5,18.4,3.0,2.9,2.1,1.9,25.9,0,1,11,28.88,1
35.4,48.0,1,1282,3.0,10.3,11.5,0.9,5.6,0.0,0.5,18.0,0,0,9,23.92,1
25.6,57.8,1,1576,5.6,1.9,18.4,1.9,0.2,0.6,2.1,11.3,0,1,12,27.18,1
28.7,36.2,3,2008,1.3,9.0,22.6,6.2,6.9,2.4,0.8,7.5,1,1,6,25.84,1
28.6,50.4,1,1296,3.0,13.9,20.8,6.5,5.9,7.0,0.8,8.0,0,1,4,32.06,1
23.6,46.2,3,1308,2.6,16.6,16.0,3.9,4.4,0.0,0.9,15.7,0,1,8,27.78,1
30.8,62.8,1,745,3.5,10.0,11.8,0.8,5.5,0.0,3.2,24.0,0,1,11,28.35,1
24.3,80.1,4,1432,1.4,11.0,14.7,0.4,5.2,0.0,0.9,12.8,0,0,4,26.24,1
30.6,64.9,1,1052,0.4,9.9,24.0,0.6,3.1,1.6,1.7,21.4,0,1,9,19.82,0
31.9,40.7,5,1045,3.5,13.1,17.2,2.9,6.4,3.3,2.1,20.6,0,1,7,33.26,1
34.3,88.3,3,826,1.7,10.7,18.2,1.2,6.7,4.4,2.3,9.6,1,1,4,26.28,1
35.6,54.4,2,2109,3.3,10.3,22.1,2.6,1.4,1.0,1.7,9.7,0,1,12,31.47,1
31.1,65.7,5,1608,2.5,9.9,14.5,2.0,5.3,4.9,0.8,21.5,0,1,5,33.16,1
31.4,74.4,4,808,5.9,8.9,14.9,0.7,5.1,2.2,1.4,22.4,0,0,6,29.79,1
27.9,77.3,2,1433,1.8,9.1,21.4,2.3,6.7,6.6,0.8,16.8,0,0,8,27.77,1
28.7,55.6,4,1116,4.9,7.5,24.0,2.1,5.1,7.7,0.0,15.9,0,1,8,33.54,1
33.3,83.6,4,893,3.6,10.8,13.2,0.0,2.9,3.9,0.5,4.0,1,1,8,19.69,0
32.8,62.2,6,1969,2.4,5.7,19.8,1.7,4.0,1.6,1.6,16.5,0,1,12,34.59,1
31.3,66.7,3,1063,2.3,5.2,18.7,1.0,7.7,5.0,0.2,16.4,0,0,2,27.8,1
29.0,28.6,6,884,5.5,1.1,19.6,4.1,2.5,1.9,0.1,24.1,1,1,3,27.76,1
34.0,80.4,5,567,2.4,15.6,17.5,0.8,1.7,3.7,0.1,19.9,0,0,4,24.96,0
23.5,51.7,6,1317,11.6,10.3,22.8,1.2,0.0,3.6,0.1,16.8,0,1,5,36.08,1
26.4,46.0,3,1617,9.1,3.2,17.8,2.1,1.1,3.9,1.6,17.7,1,1,3,27.95,1
30.1,80.7,3,1252,6.7,11.4,16.3,5.4,6.3,3.7,2.5,13.9,0,0,3,35.47,1
34.5,62.5,5,1717,6.2,8.2,18.2,4.5,1.4,1.5,1.0,14.7,1,0,11,29.4,1
23.0,51.8,5,1047,3.9,3.3,18.9,4.5,3.2,6.1,2.0,10.6,0,1,9,27.17,1
23.8,58.3,2,521,2.1,11.8,12.6,1.2,3.0,0.4,0.1,11.9,0,0,1,17.6,1
23.1,55.3,1,804,2.8,5.9,18.3,4.3,2.3,4.7,3.0,16.1,0,0,6,24.86,1
32.6,53.3,2,1686,3.3,4.9,8.0,1.8,3.5,4.0,0.3,13.4,1,1,8,24.82,1
32.9,79.3,6,825,2.0,11.3,17.5,1.4,1.6,4.5,2.1,5.6,0,0,6,23.82,0
36.5,56.6,2,400,1.1,13.7,24.0,0.1,3.7,0.9,0.4,15.7,0,1,3,22.86,1
40.1,63.8,3,1022,3.2,8.8,19.7,3.5,5.4,5.7,0.4,22.5,0,0,6,32.42,1
23.2,50.6,4,788,3.5,6.6,15.5,2.4,1.9,3.6,0.1,21.9,0,1,1,24.7,1
28.1,50.2,5,1137,4.9,9.6,21.9,1.8,2.0,2.7,1.5,19.9,0,1,3,27.84,0
26.3,56.3,4,1563,3.2,7.8,12.7,1.5,1.2,4.4,2.7,17.6,0,1,12,29.14,1
23.7,51.9,2,1686,4.0,13.5,24.0,3.1,0.2,1.7,1.0,5.6,0,0,1,18.45,0
29.2,63.3,2,1253,2.2,9.2,18.3,0.4,6.4,5.0,2.6,11.8,0,1,4,25.69,1
26.3,82.2,1,943,1.6,14.9,22.5,0.7,3.1,1.4,0.6,9.8,0,0,12,20.69,1
29.7,95.0,3,1444,3.7,7.3,18.7,0.3,1.4,3.8,0.2,23.2,0,0,1,29.46,1
27.3,54.2,3,1348,5.1,9.3,15.8,0.9,1.6,5.6,2.4,31.9,0,1,6,31.95,1
22.0,79.5,4,1616,12.0,10.7,14.2,2.7,1.0,3.4,0.4,12.6,0,0,12,33.4,1
31.9,56.6,6,1299,5.5,7.5,23.6,0.9,1.5,1.1,2.0,25.7,1,1,10,33.73,1
31.8,76.2,3,1230,1.1,11.1,16.2,0.6,3.5,4.0,0.3,17.9,0,1,7,28.84,1
26.9,62.6,1,1071,3.4,12.6,23.3,0.8,3.0,2.2,1.2,18.2,1,0,7,22.64,1
18.5,58.6,5,1117,0.3,8.1,12.3,1.4,6.3,4.0,1.2,14.2,0,0,6,24.08,1
17.7,64.4,3,1561,1.8,7.4,11.1,2.0,5.6,1.8,0.9,22.3,0,0,12,22.93,0
22.3,43.3,1,1640,3.7,3.8,15.5,0.6,2.6,2.9,0.0,20.4,0,0,1,24.55,1
30.8,45.9,1,1037,10.2,7.8,16.5,2.1,4.5,3.6,2.8,17.3,1,1,3,31.84,1
32.2,28.6,6,1418,4.3,11.4,13.0,2.8,5.0,4.1,0.0,23.2,0,0,10,31.16,1
29.3,87.5,1,2213,7.3,7.9,24.0,1.7,2.0,2.5,0.6,18.1,0,1,4,33.09,1
29.3,86.5,5,1142,1.2,5.7,18.9,0.2,5.9,5.3,2.5,22.1,0,0,10,31.0,1
16.6,64.6,3,922,1.9,8.5,24.0,1.4,4.0,0.0,2.0,18.9,0,1,5,22.99,1
30.7,83.6,3,736,8.2,8.5,16.8,3.2,1.4,5.8,1.4,9.0,0,1,3,33.91,1
25.6,65.6,4,1154,2.8,8.4,15.6,0.2,2.0,2.1,0.5,23.4,1,1,12,23.63,1
27.6,50.0,3,1967,2.9,9.0,18.7,0.9,3.1,1.9,2.6,15.9,1,1,11,27.56,1
24.3,60.7,6,765,1.5,9.9,15.9,1.5,0.5,2.9,0.0,15.5,1,1,5,21.04,1
19.2,42.9,5,618,3.1,6.2,18.2,1.3,7.9,0.0,1.2,22.5,0,0,6,24.34,1
32.6,63.8,6,1593,2.4,11.0,14.7,0.9,5.7,1.7,0.3,13.5,0,1,8,28.68,1
30.8,70.8,5,871,3.8,6.1,24.0,0.7,4.8,0.7,0.2,21.3,1,0,11,24.18,1
23.8,68.2,5,1880,3.3,11.1,23.5,1.9,4.8,6.7,0.1,24.7,0,1,6,31.02,1
21.4,48.4,1,1856,3.3,9.9,24.0,0.7,3.9,4.2,0.5,19.2,0,0,4,23.14,0
25.9,65.7,6,1527,1.0,12.6,22.0,1.2,6.8,5.9,0.9,30.4,1,0,4,28.34,1
33.2,46.9,4,914,4.0,9.2,21.1,0.6,9.0,2.3,1.3,16.5,1,0,11,26.6,1
31.6,51.0,2,903,8.5,5.6,15.8,0.2,4.9,2.9,1.9,11.0,0,0,11,27.21,1
29.2,37.9,3,1175,5.0,11.1,15.7,0.6,1.1,3.3,2.0,4.0,0,1,10,23.0,0
33.4,69.4,1,1569,1.6,9.3,21.5,1.9,5.2,0.5,1.0,12.4,0,1,5,25.16,1
30.6,64.8,4,813,3.4,7.2,12.3,2.7,1.9,4.1,0.6,27.2,0,0,4,27.19,1
24.3,69.9,5,1316,3.5,9.7,13.1,2.1,2.7,3.2,0.0,12.1,0,1,2,20.73,0
32.1,84.9,1,744,8.9,2.6,19.1,2.1,3.0,0.7,0.3,31.3,0,1,6,32.65,1
28.6,87.4,1,1075,1.6,10.0,21.0,0.6,3.5,3.2,0.5,24.4,0,1,2,27.76,1
24.9,58.9,5,1379,1.3,10.1,13.5,3.0,4.3,3.0,0.8,25.5,0,0,2,25.67,1
34.4,80.6,5,1259,2.5,9.3,22.1,1.1,1.0,2.7,2.1,10.2,0,0,5,25.95,0
31.0,60.6,6,1462,4.7,2.9,19.2,3.6,4.6,4.0,0.3,17.4,0,1,8,32.56,1
21.9,58.7,1,920,1.1,12.8,16.3,2.4,3.3,3.4,0.6,11.7,0,1,1,23.76,1
32.6,67.2,2,400,7.3,9.6,14.8,0.7,4.3,3.9,0.6,4.0,0,1,9,26.89,1
29.9,65.5,5,1559,1.6,7.7,10.9,1.0,6.2,2.1,2.6,17.3,1,0,7,24.21,1
27.1,64.9,6,1959,0.3,11.6,22.6,1.5,5.0,3.1,0.4,21.7,0,1,9,32.57,1
26.7,60.5,1,400,2.5,4.8,14.8,0.7,5.4,0.0,0.2,28.3,0,0,1,21.43,1
23.9,70.5,2,1661,3.2,11.0,13.4,1.9,5.2,5.9,0.7,13.6,0,1,11,27.57,1
21.8,38.4,1,1284,3.6,14.7,13.0,0.8,1.5,3.7,0.2,19.9,0,1,8,20.16,0
30.3,78.0,6,1615,5.2,8.8,12.7,3.3,0.4,1.3,0.6,14.7,0,1,9,28.84,1
31.2,56.1,2,1215,1.2,11.7,19.6,1.1,0.5,3.2,0.9,21.6,0,1,7,22.17,0
27.3,58.7,5,1184,1.8,7.0,17.3,0.2,3.6,2.0,0.8,19.9,0,0,9,25.63,1
30.2,56.4,4,1262,2.1,10.7,11.0,2.6,4.9,6.6,0.4,25.0,0,1,11,31.69,1
27.1,47.9,5,1435,8.7,5.3,21.4,1.0,3.1,1.6,0.7,10.0,0,0,11,29.49,1
27.2,76.0,6,1259,1.1,12.1,14.4,2.7,0.2,4.8,0.5,10.0,0,0,4,21.37,0
31.4,55.4,3,1652,2.1,12.7,13.3,2.1,0.0,6.2,0.5,25.4,0,0,12,31.47,1
31.3,58.2,4,671,1.1,9.9,18.8,3.4,4.3,1.4,0.3,21.7,0,1,1,23.98,1
35.8,73.8,3,1234,3.4,11.7,17.6,2.4,3.3,2.9,0.2,10.8,0,1,11,25.1,0
26.7,77.5,4,1218,3.4,10.8,13.2,0.8,4.3,3.3,1.5,12.1,0,1,5,28.46,1
30.6,61.2,1,1233,1.6,13.7,17.5,0.4,3.1,3.4,0.7,4.0,0,1,1,19.19,0
28.1,63.9,6,1603,6.0,9.0,19.0,0.5,0.3,0.5,0.5,24.3,0,1,8,32.94,1
30.0,69.9,1,1337,5.6,10.2,15.9,0.3,3.8,2.0,0.5,16.5,1,0,5,23.55,1
35.0,66.4,1,1986,0.5,5.7,23.6,2.0,0.2,2.6,0.1,14.8,0,1,10,25.83,1
30.9,70.3,5,1754,3.5,7.2,15.8,1.2,1.2,0.8,0.6,12.5,0,0,3,24.59,0
25.2,54.9,2,1351,5.8,9.2,23.1,0.8,5.4,2.8,1.2,23.3,0,0,9,29.25,1
26.7,63.6,2,1588,6.6,6.0,19.9,2.4,0.0,4.6,1.5,15.4,0,1,8,32.24,1
26.1,52.5,3,1311,8.5,5.0,14.5,0.4,1.7,3.1,0.1,19.7,0,0,8,26.25,0
27.7,79.1,5,736,3.4,9.8,17.9,8.0,4.0,1.2,2.4,16.1,0,1,11,31.38,1
25.7,72.8,5,1060,4.7,12.3,21.3,1.3,4.5,5.6,0.6,18.8,0,0,1,29.18,1
26.5,70.7,5,2010,2.5,11.7,24.0,0.5,4.6,4.2,1.2,26.9,0,0,12,31.88,1
28.1,67.3,2,1686,3.2,9.6,18.9,2.2,3.6,6.1,1.0,11.6,0,1,8,26.32,1
30.5,57.2,5,820,8.5,9.2,24.0,3.1,4.8,1.9,2.7,14.4,0,1,3,34.86,1
24.8,45.8,3,1551,4.9,15.0,16.0,0.6,7.4,1.4,0.2,12.9,0,0,5,27.85,1
29.2,53.8,3,915,5.3,6.3,18.9,0.8,4.2,4.7,2.5,21.7,1,1,3,23.47,0
29.1,71.4,2,907,2.1,13.4,24.0,0.9,4.1,4.3,0.6,22.6,0,0,5,24.24,0
33.0,52.5,5,1254,2.4,8.1,21.7,2.1,2.1,2.2,2.0,32.0,0,1,9,32.3,1
30.1,84.3,4,1937,5.5,8.2,21.4,5.6,6.4,3.6,0.4,6.4,0,0,6,32.9,1
31.4,67.8,3,792,4.3,4.9,17.6,2.7,2.2,6.3,1.5,4.0,1,0,8,17.96,0
30.2,54.4,3,1566,8.6,11.6,15.6,3.3,2.3,2.7,1.9,21.8,1,0,4,34.69,1
34.4,68.3,2,1755,5.6,13.3,21.3,0.3,3.6,0.0,0.1,12.8,0,1,5,29.52,1
28.3,92.6,1,400,4.9,8.2,14.0,0.6,2.4,2.5,3.1,11.8,0,1,2,24.78,1
21.7,67.8,2,1072,1.3,5.8,23.4,0.4,6.7,1.5,0.8,20.1,0,1,9,17.91,0
30.6,92.5,1,1448,8.2,6.7,20.2,1.5,5.2,4.9,0.6,21.1,0,1,5,30.29,0
24.2,63.0,2,753,2.5,11.0,17.2,3.8,3.3,1.4,0.9,20.5,0,0,4,21.16,0
18.2,54.5,5,2000,0.6,11.1,23.9,3.4,8.0,2.2,0.0,15.3,0,1,8,28.14,1
31.2,69.7,1,829,3.7,6.8,15.8,1.7,0.3,0.0,0.9,11.6,0,1,10,22.29,1
28.7,48.8,3,1963,2.4,12.3,15.7,4.4,6.6,4.9,0.3,15.0,0,0,12,31.48,1
29.8,43.5,1,1021,0.8,13.7,23.7,2.3,4.8,3.2,1.2,33.9,0,0,5,25.5,0
31.0,40.1,3,1017,2.8,4.2,9.5,1.0,0.0,2.9,0.3,20.5,0,0,8,25.12,1
28.0,82.5,4,2048,2.5,5.6,19.9,3.4,3.1,5.7,2.4,21.6,1,1,10,30.66,1
34.0,61.8,2,1432,1.9,11.4,23.2,2.2,3.4,4.7,0.1,9.9,0,0,7,27.45,1
29.1,36.7,4,1071,3.6,12.4,17.1,0.5,1.7,3.0,0.3,18.9,0,1,12,26.72,1
27.3,77.6,6,857,5.8,5.7,13.0,0.8,2.2,1.9,1.4,6.9,0,1,2,26.81,1
28.9,44.6,2,1813,8.0,8.3,21.1,0.9,5.3,2.0,0.3,24.7,1,0,12,31.07,1
19.1,53.8,4,1659,2.6,6.2,12.0,0.2,3.4,5.9,0.4,32.0,0,1,4,28.17,1
31.2,82.2,4,448,4.2,15.4,15.4,0.4,4.7,1.3,1.0,17.9,0,0,6,27.56,1
21.8,51.3,6,1036,1.9,3.2,17.8,3.9,4.0,4.0,0.9,23.2,0,0,2,23.92,0
30.7,79.0,1,1073,3.6,3.2,18.0,0.5,1.7,2.7,0.8,16.7,0,0,7,19.35,0
28.1,55.9,2,1263,1.9,8.4,12.2,0.2,1.7,1.2,2.2,18.5,1,0,10,18.42,0
29.1,67.2,6,1250,3.0,7.8,18.5,1.6,1.6,0.7,0.1,15.1,1,1,6,24.05,1
24.9,78.0,4,839,1.2,10.3,20.0,2.8,2.4,0.4,0.5,20.1,0,0,12,20.12,0
36.7,66.3,3,742,3.8,15.8,20.8,1.7,4.9,1.3,1.8,14.0,0,1,10,30.0,1
19.1,65.3,5,720,5.5,8.1,22.6,2.1,1.0,4.7,1.5,4.0,0,1,6,23.93,1
28.1,68.6,1,1596,8.4,12.8,15.9,0.6,5.8,3.0,0.7,23.1,1,0,11,29.91,1
24.5,45.9,5,1217,3.7,10.2,23.5,1.2,4.7,5.9,0.7,20.3,1,0,9,24.41,0
21.2,66.7,5,1511,5.3,11.6,10.3,1.8,3.8,0.8,0.4,29.9,1,0,5,30.87,1
35.6,65.4,5,1338,0.9,5.6,24.0,2.9,5.4,0.4,4.1,17.8,0,0,12,30.82,1
29.7,86.4,4,1655,0.5,8.3,17.1,3.8,1.8,3.9,0.3,15.8,0,0,11,26.4,1
40.3,60.9,4,1694,3.1,12.0,20.9,3.6,1.6,0.7,0.1,26.4,0,1,6,33.59,1
32.5,76.2,3,1249,3.1,11.5,11.0,2.0,0.0,2.7,1.3,14.3,0,0,4,28.1,1
31.2,69.1,6,987,10.4,16.4,10.2,1.7,6.9,4.6,1.1,20.5,0,0,4,38.13,1
31.5,43.5,4,1308,7.2,12.5,17.5,3.5,5.1,3.6,0.7,18.0,0,0,3,34.83,1
22.7,56.0,3,1108,4.4,8.0,14.9,0.4,2.7,5.2,2.0,17.3,0,0,11,28.63,1
22.6,64.7,6,1814,5.1,4.2,16.9,3.5,5.2,4.1,0.2,15.8,0,0,6,27.57,0
35.6,70.6,2,1226,0.7,9.8,20.1,1.6,1.5,2.7,1.0,6.2,0,0,5,24.12,1
32.7,55.9,2,1138,0.6,6.2,24.0,1.4,3.5,3.6,0.1,25.4,0,1,2,28.57,1
25.3,58.3,5,1253,3.6,10.7,10.2,1.3,3.0,3.4,0.5,32.6,0,0,4,27.3,1
29.4,71.8,6,1848,2.7,6.7,18.4,0.6,0.9,2.6,0.9,26.3,0,0,8,31.32,1
29.6,72.6,3,890,4.1,7.8,12.0,5.1,3.5,2.1,0.6,14.9,0,1,4,24.24,0
34.6,58.0,6,1162,1.9,2.6,17.1,0.7,1.6,3.1,1.2,17.7,0,1,5,25.06,1
30.5,59.6,2,1335,2.2,13.0,24.0,1.1,0.0,3.5,0.2,23.7,0,1,2,25.55,1
25.6,73.4,1,2175,4.2,9.8,12.6,1.9,4.4,4.5,0.2,4.5,0,0,9,23.7,0
32.7,54.2,3,1066,4.0,4.9,9.4,0.4,3.1,0.6,1.9,26.2,0,0,6,30.12,1
26.4,69.8,1,1151,2.1,5.9,17.4,2.1,2.7,2.1,3.1,33.1,0,1,10,30.45,1
31.6,70.5,4,807,9.0,9.5,12.7,0.5,4.6,7.5,0.4,21.6,0,0,5,36.34,1
26.2,38.9,1,1981,0.8,3.6,21.4,3.6,0.4,2.7,0.1,14.3,0,1,2,25.21,1
16.0,85.1,1,1535,4.8,11.6,12.5,4.2,3.0,3.1,0.1,15.4,1,0,6,26.93,1
36.6,82.7,6,1439,6.2,4.9,16.3,4.2,4.6,0.4,0.1,9.3,0,1,9,31.16,1
24.5,74.6,2,1669,4.1,9.3,16.3,2.5,4.7,7.0,1.5,18.5,1,0,2,24.73,0
33.7,78.5,5,1276,1.8,7.8,14.4,0.1,1.4,3.9,1.6,16.3,0,1,1,28.24,1
32.0,65.3,5,1099,3.6,8.7,16.6,2.1,5.6,7.0,0.4,18.9,0,0,2,31.44,1
26.5,77.6,5,589,3.1,4.8,11.3,4.1,4.7,3.4,2.2,26.3,0,0,2,25.42,0
23.5,54.4,1,1265,0.2,7.2,20.9,1.0,4.0,4.6,0.7,20.7,0,0,7,20.33,1
38.1,45.3,6,915,7.0,15.4,17.6,1.6,5.6,1.1,1.0,13.9,0,1,7,33.69,1
30.1,65.2,5,1881,6.4,5.7,19.1,1.7,5.2,6.2,0.4,20.5,0,1,9,36.87,1
35.1,68.0,5,1012,2.9,9.1,15.1,3.3,0.5,2.8,0.6,7.5,0,1,10,27.05,1
30.6,63.4,6,912,2.7,11.6,17.2,1.2,3.3,5.2,0.1,21.0,0,0,6,27.81,1
33.5,57.0,5,850,2.7,11.5,21.8,0.7,2.0,1.7,0.5,15.0,0,1,6,26.52,1
30.1,55.4,4,1498,4.4,12.0,22.0,0.1,4.5,3.0,1.2,23.5,0,1,12,33.32,1
22.9,56.0,4,2076,1.4,4.3,16.7,0.4,4.2,2.9,0.1,21.0,0,0,8,23.04,0
25.4,62.8,5,1687,6.0,8.4,19.1,1.8,3.1,2.8,1.3,27.6,1,1,2,29.51,1
30.9,41.9,5,400,8.5,9.2,22.6,1.0,3.3,4.5,2.5,25.5,1,0,3,30.66,1
23.4,64.5,6,1350,3.8,10.7,15.3,0.1,0.7,0.7,2.1,14.9,0,1,8,24.12,0
27.4,59.7,5,1376,1.5,5.5,18.2,2.6,4.2,0.8,2.6,28.0,0,0,6,29.21,1
28.6,74.3,6,2316,2.9,5.0,10.9,5.9,4.7,0.5,1.9,26.8,0,1,10,38.32,1
34.3,48.8,6,1473,2.4,9.3,13.6,1.1,3.5,4.5,0.6,14.5,0,1,8,30.72,1
36.8,64.2,1,630,4.4,11.5,24.0,1.2,0.4,4.3,0.4,28.6,0,1,5,26.95,0
19.3,60.3,1,967,1.5,7.3,13.8,2.6,6.1,1.5,1.4,21.1,0,0,4,20.79,1
31.1,58.7,3,725,3.1,7.0,18.5,2.4,2.5,3.4,1.6,27.6,0,1,10,27.41,1
37.7,69.3,4,1593,1.1,8.9,11.2,2.4,5.8,6.6,1.4,22.6,0,1,5,31.04,1
22.6,70.0,6,1702,4.4,11.6,18.3,1.9,0.0,2.7,0.0,13.4,0,0,11,24.95,0
23.9,77.1,4,1916,6.6,5.4,24.0,2.4,2.3,2.9,3.1,16.5,1,1,9,31.76,1
34.7,85.6,1,1730,2.5,10.4,24.0,1.3,1.9,1.1,1.4,16.7,0,1,3,28.53,1
29.9,81.3,1,802,7.3,9.0,17.1,0.5,4.3,0.5,0.3,4.5,0,0,7,24.76,1
26.5,51.5,5,986,3.3,9.0,20.6,1.6,2.4,2.0,0.5,10.5,0,0,9,24.32,1
30.1,27.3,4,1282,4.1,12.8,21.9,1.7,4.2,4.0,0.0,19.9,0,1,1,31.62,1
32.6,58.1,4,1223,2.1,4.6,14.4,2.7,1.1,0.0,1.1,19.3,0,1,6,26.16,1
29.6,62.5,5,1345,3.9,12.5,22.4,1.7,5.1,1.2,1.1,13.1,0,0,3,30.45,1
31.0,74.5,5,2189,7.3,4.3,16.2,0.5,1.8,5.4,0.2,23.7,0,0,12,33.86,1
30.2,71.4,1,964,4.2,10.7,24.0,0.8,3.5,1.7,0.3,28.4,0,1,7,30.98,1
31.1,72.5,5,1116,1.4,11.1,19.2,0.9,7.4,2.8,0.5,7.9,1,0,11,24.24,1
30.2,55.1,4,1075,4.7,6.1,19.4,4.3,3.1,3.3,1.3,13.2,0,1,5,26.84,0
31.3,49.1,1,848,1.7,6.5,12.0,0.9,2.8,1.6,0.5,17.7,0,0,2,20.34,1
28.5,65.8,2,673,5.7,9.7,13.7,2.0,2.6,1.3,1.4,14.8,1,1,11,23.56,1
34.6,93.2,4,916,0.4,6.1,21.4,3.3,7.6,3.9,0.1,11.2,0,1,2,28.86,1
27.9,58.9,5,602,3.5,9.5,16.3,1.5,3.0,2.1,0.6,14.5,0,0,2,23.96,1
27.0,45.8,1,1738,0.9,9.1,15.5,1.0,3.0,3.0,3.3,23.7,1,0,12,24.24,1
22.5,71.8,6,662,7.3,10.8,20.6,4.6,3.1,5.7,0.6,16.3,0,1,9,30.05,0
25.9,63.5,3,840,4.2,8.4,18.5,3.2,1.6,5.3,3.4,33.2,0,1,11,31.44,1
30.1,64.2,4,513,3.9,6.7,23.0,1.7,2.9,4.0,0.0,27.4,1,1,12,27.14,1
28.5,76.2,3,1323,4.3,7.1,18.9,0.8,2.9,0.0,0.5,16.3,0,0,5,26.22,1
32.2,62.0,5,808,2.4,10.7,20.5,2.3,4.4,3.9,1.3,14.1,1,1,3,27.92,1
23.9,35.4,2,1734,1.9,12.4,8.0,1.2,0.6,2.3,2.0,18.0,0,0,6,23.85,1
26.4,52.0,6,708,3.0,12.4,13.7,2.0,0.7,1.3,1.3,15.4,0,1,12,26.85,1
20.0,61.6,3,1479,6.6,6.1,21.1,0.9,3.6,1.1,0.3,27.4,0,1,6,32.81,1
28.1,76.5,1,400,2.6,6.4,18.5,2.6,5.7,1.3,0.9,28.9,1,1,6,23.06,1
33.9,56.6,4,905,5.0,8.3,24.0,0.7,3.0,4.2,1.9,30.2,0,0,1,32.85,1
31.6,71.1,3,896,2.1,8.0,12.9,2.1,6.3,2.4,0.5,16.9,0,1,8,25.49,1
27.5,78.9,3,1106,3.4,13.2,14.6,1.0,3.9,4.4,0.7,14.2,0,1,4,23.93,0
31.6,83.7,2,716,6.8,12.3,18.7,1.3,3.2,0.3,1.8,19.2,1,1,9,24.56,0
30.6,54.1,3,1443,1.6,12.3,11.8,1.2,3.7,5.4,1.2,14.5,0,1,7,24.34,0
25.1,64.9,3,854,1.3,7.2,23.4,0.1,4.6,1.8,2.7,26.2,0,0,11,21.22,0
24.5,66.2,6,1164,2.2,9.5,16.8,1.5,1.4,5.4,1.1,15.9,0,1,3,27.2,1
24.9,60.7,6,1488,4.4,10.2,14.2,1.7,3.3,5.9,0.6,7.3,0,0,10,27.41,1
31.4,85.2,4,1289,6.6,11.6,16.1,2.5,3.9,3.9,2.2,4.0,0,0,11,30.17,1
32.0,59.1,3,1687,1.8,3.8,24.0,2.8,5.6,4.3,0.5,7.6,0,0,6,23.3,0
31.2,78.3,2,1069,3.0,14.4,21.5,6.1,5.2,4.5,1.2,21.7,0,1,11,30.83,1
28.0,56.9,6,872,3.0,11.6,16.2,1.4,2.8,5.3,2.4,7.4,0,1,3,26.07,1
38.3,74.2,3,1493,2.9,11.2,14.4,2.3,4.6,2.9,0.9,19.8,0,1,3,33.32,1
28.3,83.8,3,1209,1.1,10.6,20.0,2.5,1.6,1.4,5.0,8.4,0,0,7,28.51,1
31.6,83.5,2,960,2.8,6.2,17.9,2.2,1.6,2.1,0.1,15.1,1,0,4,20.17,1
30.2,60.1,6,1439,1.3,14.6,22.5,0.4,0.0,5.9,0.9,21.9,0,0,11,33.48,1
34.2,60.5,5,1491,8.2,7.1,15.1,5.4,4.4,5.2,0.6,19.4,0,0,11,39.02,1
21.3,71.3,3,1576,3.0,9.7,21.8,1.4,1.8,0.5,0.0,6.7,0,1,11,19.75,0
31.8,79.7,5,1643,2.8,2.4,20.9,1.0,1.5,2.8,0.2,12.9,0,0,7,24.26,0
28.4,61.9,2,876,4.3,7.9,19.5,0.8,5.6,4.4,0.5,25.9,0,1,5,25.6,1
28.9,76.6,5,1143,3.2,14.7,21.1,5.2,1.0,4.3,1.1,16.9,0,1,7,30.29,1
24.3,43.8,2,993,1.2,6.1,19.8,4.1,3.6,0.0,1.2,28.0,1,1,11,21.74,1
25.8,69.2,4,1175,4.1,10.6,12.0,0.3,4.6,1.7,3.8,27.5,0,0,12,32.61,1
35.0,73.0,1,687,2.6,7.7,18.2,1.0,4.6,0.0,0.0,26.1,1,0,7,19.17,0
33.4,49.0,2,1298,4.4,9.9,11.8,1.0,1.8,5.0,0.5,15.9,1,0,8,24.97,1
22.5,63.4,3,1708,6.4,9.8,20.1,2.3,4.7,3.0,0.3,29.5,0,0,10,33.14,1
30.5,77.6,2,1451,5.6,9.4,17.6,3.2,7.0,1.0,0.9,4.0,0,1,1,29.31,1
27.0,43.7,5,747,2.9,9.7,11.8,0.4,2.6,3.0,0.7,23.1,1,1,9,22.39,1
34.4,56.9,2,1065,6.9,10.3,17.2,7.0,1.7,3.1,0.3,21.6,1,0,7,31.39,1
31.4,43.7,3,1380,2.5,5.0,15.6,2.0,5.4,5.0,0.4,14.7,0,1,11,27.03,1
32.9,91.4,3,1987,0.7,6.5,24.0,1.2,0.0,3.5,2.0,30.7,0,1,4,29.32,1
29.0,42.6,2,1042,0.5,5.5,15.9,5.4,3.1,3.2,0.6,19.6,0,1,1,26.12,1
29.5,40.8,5,1254,7.0,8.6,20.5,2.8,3.8,2.8,0.8,20.0,0,0,2,33.8,1
26.2,73.5,2,1047,6.2,16.7,21.7,0.7,2.6,6.1,1.0,10.8,0,1,5,32.42,1
22.2,71.7,5,829,3.6,13.1,14.1,0.9,5.2,0.0,0.7,16.0,1,0,10,23.68,1
26.6,49.7,4,1309,3.5,13.0,15.4,3.7,3.1,5.7,0.5,21.4,0,0,2,27.65,0
35.1,74.9,4,1465,1.7,3.3,17.9,0.8,7.5,0.0,1.0,17.5,1,0,1,23.61,1
35.6,79.4,3,1142,2.7,7.8,13.4,3.2,0.9,5.1,2.4,11.3,1,0,2,27.02,1
25.1,55.3,4,1739,1.6,11.6,16.3,0.9,4.9,3.8,2.6,21.1,0,1,1,31.83,1
25.2,75.2,3,1137,1.6,13.3,20.5,0.6,3.5,1.6,2.3,31.8,0,1,8,30.68,1
25.7,91.9,1,1093,5.7,5.6,24.0,4.6,2.6,1.5,1.7,12.8,0,1,12,25.09,0
25.5,61.6,6,1494,4.6,10.7,14.1,1.4,5.3,0.5,0.5,16.0,0,0,8,25.03,0
23.6,38.5,1,1759,4.3,4.3,19.4,2.3,3.0,0.6,1.6,19.3,1,0,3,20.08,0
25.9,58.5,5,1161,4.5,10.4,24.0,2.8,2.0,5.2,1.8,9.4,0,1,12,28.52,1
32.2,95.0,5,1795,8.1,6.1,24.0,0.6,4.8,1.9,0.4,26.8,0,0,4,33.86,0
32.6,30.8,4,1695,1.1,2.7,11.3,5.5,1.4,5.3,2.9,27.1,0,1,12,32.04,1
37.2,68.0,2,1243,2.4,6.0,16.6,0.8,3.2,3.6,0.1,9.9,0,0,6,24.01,1
28.3,55.4,6,1938,1.3,5.4,8.0,1.0,3.6,4.0,4.5,17.8,0,1,3,29.22,1
18.9,77.9,5,1662,5.1,9.8,11.2,2.6,4.1,0.0,1.3,36.9,0,1,12,35.87,1
26.4,61.4,2,1668,4.2,9.5,19.5,0.2,2.2,0.0,0.2,22.2,0,0,7,26.92,1
24.0,66.3,4,1591,1.6,7.2,16.9,2.1,3.5,4.3,3.7,11.4,0,1,10,31.61,1
27.4,55.2,4,400,1.2,7.3,19.3,0.7,3.7,4.1,3.7,29.3,0,1,12,28.51,1
25.5,57.8,4,1084,3.9,12.1,14.9,0.3,3.6,4.4,3.7,17.5,0,1,6,30.04,1
33.6,78.1,2,2195,0.3,3.6,13.4,2.7,2.6,0.0,1.4,22.8,0,1,3,27.93,1
25.0,86.6,1,1043,0.9,8.8,17.2,2.5,3.3,0.9,1.6,14.3,1,0,7,19.16,1
29.0,81.1,1,1739,4.9,13.8,20.0,0.7,2.2,0.0,1.1,29.3,0,1,12,31.55,1
37.5,54.3,2,586,2.4,8.7,17.4,0.8,3.7,0.5,0.5,25.1,1,1,12,19.88,0
28.9,54.8,5,1509,12.0,8.1,18.9,1.3,4.3,2.0,0.6,19.5,0,1,4,35.39,1
21.1,62.4,1,891,3.3,7.7,22.6,1.2,6.2,6.0,0.7,15.5,0,0,2,23.49,1
33.2,65.9,3,1134,3.4,8.7,24.0,3.3,3.1,5.1,0.8,13.6,0,1,7,30.73,1
31.2,47.9,1,797,2.3,6.5,21.2,0.0,0.3,4.9,0.1,17.6,1,1,9,16.61,0
31.6,54.4,2,1337,6.6,12.6,17.1,2.9,4.2,3.7,0.5,20.1,0,0,2,31.03,1
32.2,54.5,2,1038,4.7,8.7,15.7,1.1,1.5,0.5,1.0,25.2,0,0,2,27.79,1
24.5,54.7,2,1353,6.1,7.3,12.2,1.8,3.2,4.5,0.5,13.6,0,1,12,26.57,1
24.3,51.0,1,1149,5.0,6.5,21.5,2.8,2.6,5.1,0.4,13.0,1,1,9,24.26,1
29.7,68.8,3,1470,5.8,11.4,19.1,2.8,1.9,3.3,0.5,25.6,0,0,6,31.41,1
21.0,46.2,3,950,0.3,10.6,22.0,2.4,2.7,3.9,0.1,14.6,1,0,6,19.65,1
25.0,46.7,3,1223,3.6,10.8,22.1,2.1,5.7,1.9,1.0,21.2,0,0,10,28.94,1
34.4,77.0,1,400,3.1,6.9,23.1,4.6,2.0,5.4,1.2,20.8,0,0,9,27.44,1
23.0,56.5,1,1433,0.5,7.1,18.1,1.1,3.0,3.9,1.6,13.3,0,0,8,18.01,0
30.6,52.0,6,1085,5.2,8.1,21.4,1.1,3.2,3.4,4.1,23.4,0,0,8,35.47,1
34.0,57.4,3,1465,1.9,12.7,11.2,4.2,1.1,8.3,0.7,21.5,0,0,1,31.96,1
28.7,67.3,6,1419,3.6,8.3,15.7,5.0,2.6,3.2,1.5,8.3,0,1,5,33.22,1
26.9,70.5,2,1810,3.4,9.0,24.0,2.1,3.3,3.1,0.5,26.1,0,0,10,25.03,0
35.2,85.3,3,592,5.7,7.0,16.6,0.7,2.4,6.3,0.6,13.3,0,0,12,27.18,1
22.5,67.0,3,921,3.7,9.7,24.0,2.3,5.9,4.9,0.0,34.1,1,1,1,29.8,1
36.8,37.7,2,471,4.3,9.1,21.5,3.1,0.0,3.5,0.3,6.9,0,0,7,22.51,1
24.7,60.7,6,1066,4.7,4.2,17.6,0.7,9.4,6.4,0.3,18.3,0,0,9,26.74,0
29.1,42.5,5,1452,1.4,3.3,22.2,2.3,3.4,4.9,0.8,21.5,1,1,12,24.6,1
23.8,63.0,4,1336,6.3,6.6,23.7,0.8,0.4,4.0,3.5,4.8,0,1,8,29.51,1
23.9,62.4,3,1397,2.2,5.4,20.7,3.7,0.0,4.5,1.1,21.2,1,0,9,23.73,1
33.6,45.0,5,1719,2.0,12.1,24.0,0.5,0.0,3.9,2.2,14.5,0,0,8,24.45,0
29.3,82.1,6,1136,2.3,7.5,21.7,4.6,4.4,1.4,0.0,30.1,0,0,9,31.55,1
31.4,70.7,1,1061,1.3,16.5,18.5,0.3,5.1,5.1,3.7,27.1,0,0,8,29.72,1
22.8,81.4,5,1693,1.5,13.8,13.1,1.3,3.3,0.9,0.9,22.6,0,0,10,29.84,1
27.3,46.5,4,1696,4.2,7.9,13.4,1.4,4.4,0.8,1.3,7.0,0,0,11,26.67,1
23.1,77.7,1,400,2.9,5.2,15.0,1.1,1.8,4.6,0.2,15.3,0,1,6,20.81,1
28.8,68.2,4,1369,8.9,10.3,13.1,1.8,0.9,3.1,0.7,12.3,0,0,11,29.32,0
31.1,77.7,6,1610,2.3,8.2,13.1,2.5,4.2,0.0,0.0,15.2,1,1,7,22.62,0
31.3,73.9,3,1056,1.4,6.0,17.1,1.9,2.4,4.6,0.2,8.9,1,1,7,19.62,1
31.4,60.0,2,1158,3.7,4.3,17.3,0.2,4.3,3.4,0.3,23.8,0,0,11,27.51,1
25.9,51.5,5,1440,2.0,13.5,20.4,0.3,3.0,1.7,0.7,22.6,0,0,9,27.85,1
31.7,69.6,3,699,0.3,11.7,18.7,5.6,5.8,2.2,0.3,17.3,0,0,1,24.72,1
26.9,68.0,1,951,1.4,5.6,17.9,1.5,1.2,3.7,1.3,22.8,0,0,7,23.06,1
35.4,46.4,3,1011,2.9,6.4,14.8,2.7,0.7,3.8,0.3,12.7,1,0,6,18.88,0
28.2,44.1,2,989,11.1,10.0,24.0,3.6,5.1,2.9,0.3,17.6,0,0,5,34.77,1
34.6,95.0,5,1708,3.2,14.9,19.0,1.2,2.6,2.0,2.7,16.9,0,1,8,35.2,1
27.3,58.5,4,1659,1.1,5.4,15.2,4.9,2.2,2.8,0.4,31.0,0,0,12,27.1,1
32.1,44.2,2,933,3.2,1.9,17.4,2.5,4.4,4.6,0.5,16.2,1,1,5,23.13,1
30.0,45.8,6,2175,3.9,16.2,17.4,2.2,0.8,9.7,1.5,21.1,0,0,4,37.72,1
22.0,50.6,3,527,3.6,9.8,20.2,0.8,2.2,3.2,0.6,17.7,0,1,9,19.57,0
32.1,66.1,1,1337,5.4,8.6,17.5,0.2,0.2,1.7,2.2,21.0,0,1,5,27.45,1
24.6,48.4,4,942,3.0,10.9,18.6,2.3,4.7,1.4,1.2,22.9,0,1,10,24.07,0
20.5,69.8,4,849,5.6,11.8,19.1,1.0,4.8,2.5,0.2,21.0,0,1,9,25.86,0
29.6,54.3,3,1106,2.5,9.3,16.1,0.7,1.5,4.1,0.2,10.4,0,0,5,20.69,0
34.3,41.0,2,2006,0.9,5.1,20.5,1.0,2.2,2.9,2.2,16.3,0,0,6,26.11,1
32.5,80.5,1,1531,2.4,4.8,18.1,2.4,4.5,1.8,1.4,20.9,0,0,7,24.35,0
25.0,74.0,2,1063,6.6,7.6,17.3,5.5,5.2,3.9,0.5,35.2,0,0,7,33.43,1
20.9,66.8,6,951,0.4,6.0,13.6,0.2,5.4,3.9,1.4,17.6,0,1,1,23.96,1
16.2,79.7,1,1192,5.2,11.4,18.9,0.3,0.0,5.0,0.6,23.2,0,0,1,26.74,1
25.9,58.9,4,857,1.2,11.6,18.1,0.1,4.9,3.5,0.1,17.9,0,1,10,25.72,1
26.5,67.9,2,1943,1.2,7.4,18.8,0.9,3.2,1.0,1.1,9.9,0,1,2,23.37,1
28.2,41.6,1,764,0.4,9.6,13.3,0.2,1.8,5.5,0.0,30.0,0,0,11,23.35,1
34.8,41.5,3,527,4.5,4.7,13.8,1.5,4.5,7.6,0.2,24.2,0,0,12,27.43,1
28.0,74.6,4,1452,2.4,10.0,24.0,0.2,2.2,2.2,0.2,4.8,0,0,11,22.88,1
23.8,51.5,1,2504,3.2,6.2,17.7,4.1,3.0,3.7,1.1,13.3,0,0,9,27.23,1
23.6,68.7,3,1181,4.5,12.8,16.9,4.6,2.1,0.8,1.7,11.4,0,0,2,28.14,1
24.4,77.5,2,1039,1.0,7.1,17.3,0.5,3.2,5.7,0.0,18.8,0,0,4,23.84,1
25.8,57.3,4,1311,6.1,10.1,13.8,1.9,0.0,3.1,0.6,11.2,0,0,2,24.81,0
30.5,48.5,6,1168,1.1,8.6,11.8,1.8,6.5,3.5,2.3,16.2,0,1,5,33.6,1
27.4,60.2,2,1244,3.0,6.4,14.3,4.7,5.2,1.9,0.2,23.2,0,0,7,24.49,0
28.6,70.0,1,1614,1.9,6.7,15.9,2.9,2.8,3.8,0.0,19.8,1,1,11,21.92,1
29.4,80.6,1,1596,2.6,10.0,21.8,1.9,4.0,5.8,0.5,11.1,0,1,12,24.64,1
29.9,74.0,4,821,3.2,9.3,10.3,3.4,2.6,3.8,0.6,12.2,0,1,7,23.3,0
32.0,47.6,3,1131,2.5,9.9,21.6,1.7,3.4,2.1,2.1,17.5,0,0,8,28.92,1
34.5,80.5,1,1741,2.1,5.2,14.0,0.7,2.9,0.0,0.8,13.9,0,0,9,22.72,1
24.2,45.1,2,400,4.2,7.7,15.6,0.8,6.2,3.1,1.1,23.5,0,1,5,24.59,1
27.6,58.4,3,803,2.4,6.9,22.5,4.3,5.5,1.0,2.0,22.1,0,1,7,27.78,1
28.4,55.7,3,1319,2.3,12.0,19.4,1.1,0.3,0.4,2.1,8.3,0,1,6,22.76,1
28.2,50.8,4,1219,6.4,4.0,16.7,0.5,5.6,1.1,0.4,11.8,0,0,6,24.09,0
32.8,32.6,5,2074,3.2,12.9,22.4,2.8,7.1,2.9,0.6,15.3,0,1,3,31.43,1
32.4,37.4,6,1087,4.5,11.1,18.0,0.9,1.9,2.9,1.3,4.0,1,0,10,20.17,0
26.0,61.6,2,1858,0.7,6.2,18.9,1.7,4.5,3.3,1.2,23.6,0,1,2,24.24,1
36.9,54.4,2,1272,2.4,4.3,17.3,3.6,5.7,0.8,0.3,23.9,0,0,2,25.98,1
31.4,79.3,5,954,8.1,8.2,22.6,0.3,4.4,0.0,0.7,18.8,1,1,11,31.3,1
32.3,59.4,5,2010,0.9,7.0,21.6,2.1,1.7,0.0,0.5,14.3,0,1,10,24.97,1
26.1,53.6,5,970,8.6,9.4,17.2,1.2,5.3,2.3,0.5,17.6,0,0,6,29.47,1
32.7,65.8,5,1699,1.2,8.2,15.7,1.5,0.0,3.1,0.5,15.4,0,1,3,26.92,1
27.5,43.8,5,1588,2.7,7.7,14.0,2.4,6.1,0.0,1.6,21.9,0,1,2,27.7,1
24.5,78.3,4,1645,4.7,11.6,14.9,0.5,4.8,1.1,1.9,12.6,0,0,12,29.28,1
29.6,65.3,3,1280,4.9,6.9,18.1,2.8,9.7,3.6,1.3,12.9,0,0,6,30.22,1
24.2,87.8,4,1454,6.0,13.5,15.7,3.1,1.6,8.8,2.4,18.2,0,0,1,27.55,0
23.8,46.8,3,1533,0.9,10.7,22.4,0.2,1.5,2.1,0.3,7.9,0,0,11,19.33,1
31.1,38.9,4,1125,3.6,13.4,18.3,1.7,0.4,0.0,2.5,19.5,1,1,1,26.11,1
32.8,39.2,6,1169,5.2,12.3,11.8,1.5,3.1,2.2,0.8,29.8,0,1,12,35.4,1
25.8,71.0,3,970,2.2,11.3,22.4,2.8,2.5,3.4,0.7,11.3,0,0,1,24.57,1
33.6,58.8,6,1254,5.7,9.5,14.4,0.4,1.2,2.6,0.9,16.6,0,1,3,28.74,1
34.6,72.6,5,2042,2.6,7.1,17.4,0.9,0.0,6.8,0.2,20.1,0,1,11,30.25,1
34.5,48.9,6,1577,1.2,7.0,18.2,0.4,4.2,5.4,0.4,18.6,0,0,9,27.08,1
30.6,43.9,6,1356,6.9,10.7,21.1,1.8,3.4,4.6,1.9,8.8,0,0,7,32.76,1
27.6,52.7,1,771,3.6,11.5,20.5,4.5,2.1,3.7,1.9,17.2,0,0,8,23.4,0
36.3,58.1,5,1130,2.7,4.3,19.4,3.1,0.3,3.1,0.3,13.4,1,1,8,21.88,0
27.2,68.9,6,768,0.5,4.2,13.3,2.4,2.4,3.6,0.8,18.4,0,1,6,19.88,0
31.3,94.1,2,1063,3.7,15.2,12.4,2.7,1.8,2.4,1.4,12.1,0,1,10,28.36,1
34.4,75.2,4,1282,7.5,8.4,23.0,3.8,4.1,0.1,0.7,17.5,1,1,8,33.81,1
37.2,80.5,4,692,3.8,5.5,24.0,0.7,1.8,2.4,1.1,10.6,1,1,5,25.17,1
30.5,55.6,2,900,2.1,9.2,20.0,1.5,2.6,3.9,0.2,25.0,0,1,2,22.5,0
30.4,50.6,1,1416,1.7,4.4,24.0,0.8,4.6,4.2,2.8,13.2,1,1,2,20.39,0
31.6,46.1,1,1214,1.3,7.1,23.3,5.0,0.0,8.0,1.0,13.7,0,1,8,27.38,1
30.2,57.2,1,1016,3.9,5.8,12.9,0.5,3.3,2.3,2.0,14.9,0,1,1,24.29,1
34.5,48.2,1,1580,0.8,13.6,10.3,0.4,5.7,4.3,0.2,12.6,0,0,10,22.56,0
34.3,81.9,5,1576,0.3,11.4,21.6,1.7,7.9,3.5,0.1,13.9,0,0,2,28.06,1
37.4,68.7,6,400,0.9,8.9,17.5,0.6,1.7,0.0,0.1,23.7,0,0,7,27.37,1
29.0,40.1,6,1071,2.8,15.0,18.6,1.8,5.0,3.1,0.6,24.6,0,0,10,30.19,1
32.7,53.2,3,2091,0.9,12.0,18.7,1.3,5.3,3.6,0.1,22.0,0,1,10,30.37,1
25.9,86.1,2,1192,4.2,10.5,11.8,2.4,0.9,2.8,1.6,43.3,0,1,3,31.85,1
27.3,65.5,2,546,12.0,10.2,22.7,1.3,3.7,4.0,0.1,14.7,0,1,1,31.86,1
36.0,74.1,6,624,1.6,12.5,13.6,0.7,7.1,5.0,0.5,17.2,0,1,9,28.66,1
28.0,67.1,6,758,2.8,6.6,22.5,3.5,6.2,3.5,2.5,21.8,0,1,4,31.71,1
20.3,59.5,3,1629,2.5,9.9,15.8,0.2,1.8,2.9,1.1,4.0,0,1,12,21.03,1
26.7,25.0,6,1517,1.3,5.0,14.3,3.1,0.0,2.9,1.5,29.9,0,0,10,25.36,0
26.8,59.0,2,1152,4.6,12.5,24.0,0.8,3.5,2.3,1.1,26.9,0,0,9,27.99,1
20.6,36.5,5,899,2.5,10.9,18.4,6.5,2.2,5.4,0.4,23.5,1,0,9,24.9,1
30.2,72.2,1,693,6.1,9.4,19.3,1.8,0.0,5.1,1.8,20.4,0,1,8,29.76,1
33.2,65.0,5,1597,1.8,8.3,22.1,2.0,1.2,4.4,0.0,16.7,0,0,8,29.18,1
26.8,64.3,6,1706,3.3,9.1,16.1,0.4,2.3,3.7,0.9,35.5,0,0,6,31.76,1
33.9,82.1,1,635,3.9,6.7,17.3,2.3,1.2,7.1,0.2,18.9,0,0,12,27.07,1
19.4,70.0,2,2389,3.0,9.8,24.0,2.8,2.9,2.8,0.2,23.2,0,1,10,27.08,0
32.8,49.7,2,1718,4.6,7.0,20.1,2.5,2.6,1.0,0.2,32.7,0,1,5,30.48,1
29.2,72.9,4,1452,7.2,9.4,21.3,1.3,5.6,3.7,2.5,14.2,0,0,7,33.5,1
39.9,58.6,2,400,2.3,8.0,17.1,1.0,3.9,4.1,0.1,25.4,0,1,8,27.98,1
29.3,92.5,1,1734,0.5,12.6,20.9,4.3,4.6,3.4,3.1,8.9,0,1,10,26.21,1
29.1,52.6,3,1320,4.1,13.4,24.0,0.6,6.5,2.5,1.4,19.2,0,0,9,29.51,1
29.1,66.0,4,1740,6.4,13.0,19.9,4.1,7.2,2.8,0.4,5.2,1,1,7,27.85,1
27.6,56.0,2,963,2.2,9.0,16.2,0.7,0.8,5.3,0.2,22.0,0,1,12,24.69,1
27.4,62.3,2,581,1.1,1.9,21.2,0.3,4.4,0.3,0.0,14.5,1,0,4,15.84,1
32.5,67.8,2,1020,3.8,1.0,16.9,0.1,3.2,0.3,1.7,23.1,0,1,7,28.21,1
30.5,72.1,2,2038,0.3,9.7,17.3,1.5,4.1,3.2,0.2,30.3,0,1,3,27.29,1
30.7,45.4,5,1252,1.1,1.0,17.5,0.3,8.8,4.2,1.3,20.1,0,0,10,21.34,0
30.6,54.4,4,1311,3.3,6.3,18.9,1.3,5.9,3.3,0.9,26.9,0,0,5,30.92,1
26.0,71.7,6,948,2.5,7.0,16.7,2.5,6.1,4.8,1.1,17.8,0,1,11,27.45,1
38.2,64.9,2,1496,4.2,6.6,15.8,0.7,6.2,3.1,0.3,4.0,0,1,5,27.47,1
24.5,62.6,2,2349,1.1,1.0,13.9,2.1,4.6,0.7,0.2,20.5,0,0,9,20.34,0
33.7,45.1,5,1076,3.7,9.0,20.6,1.9,5.4,0.9,2.8,14.6,0,1,10,29.15,1
28.5,74.8,4,1043,2.6,7.5,20.1,1.5,3.3,0.1,1.2,5.4,0,1,12,26.83,1
34.2,42.4,4,422,1.1,8.3,13.0,1.8,2.1,4.4,0.4,9.4,0,1,12,20.61,1
28.2,80.3,5,1366,8.2,8.4,19.6,2.0,1.5,2.3,1.9,18.5,0,0,6,31.31,0
34.4,39.9,6,1337,1.2,6.7,21.9,5.1,6.3,4.9,2.1,13.1,0,1,3,34.43,1
31.6,86.0,1,426,7.2,6.6,19.1,3.2,7.3,2.9,5.0,17.7,0,0,8,33.12,1
34.8,58.8,2,1422,4.6,5.4,11.2,4.1,4.3,5.8,0.3,19.7,0,0,4,32.26,1
38.7,53.0,6,812,2.4,7.8,14.3,3.0,3.3,3.8,2.1,16.9,0,1,2,33.75,1
30.3,77.6,6,1874,3.5,6.4,17.6,3.0,3.2,3.9,0.8,26.0,0,0,5,34.51,1
30.1,53.8,1,1598,2.5,7.9,18.4,0.1,7.4,2.5,0.2,39.0,1,0,8,26.0,1
18.1,69.3,5,1258,0.6,3.7,9.3,1.1,2.6,4.3,0.5,5.9,0,1,11,16.53,0
29.4,67.0,2,663,4.6,7.3,21.9,0.8,5.8,4.6,3.3,14.3,0,1,2,31.76,1
33.6,59.4,2,1229,4.8,14.0,21.8,1.9,2.9,3.3,0.6,24.1,0,0,1,32.53,1
28.2,53.2,5,891,5.7,9.9,13.2,1.9,2.6,2.9,0.3,14.0,0,1,3,25.9,1
29.7,62.0,6,2076,0.5,13.7,19.6,0.6,5.8,2.7,0.3,14.9,0,1,2,28.51,1
28.6,46.5,2,1641,4.0,18.0,17.6,0.4,1.9,2.6,1.6,13.5,1,1,2,27.5,1
20.3,63.1,6,1389,1.6,17.2,12.0,1.4,0.0,4.7,0.6,13.7,1,1,9,20.86,0
33.4,75.2,3,998,4.1,9.7,11.4,0.4,5.2,2.3,0.8,27.5,1,1,4,25.91,1
26.0,52.9,6,1324,1.8,4.7,16.2,1.4,2.5,2.0,2.1,14.8,1,1,3,20.9,1
23.0,65.6,5,1025,2.2,10.6,15.0,0.8,5.9,7.2,1.4,33.7,0,1,8,30.75,1
34.0,62.5,4,2191,5.5,7.7,18.1,2.1,4.1,2.4,0.4,11.5,1,1,3,30.03,1
31.2,47.7,6,1468,4.4,10.9,12.0,1.9,5.4,5.4,0.8,20.8,0,0,6,30.87,1
32.0,66.3,6,764,1.7,11.8,20.4,1.5,3.3,3.0,2.7,8.7,0,1,9,29.89,1
30.0,95.0,1,712,4.8,10.6,20.2,2.4,6.0,1.5,0.1,25.9,0,0,1,26.34,1
26.3,50.3,6,1895,5.1,5.1,13.2,0.8,6.2,4.9,0.5,14.7,0,0,5,28.92,1
33.6,50.9,5,1298,4.9,9.0,12.6,0.5,5.1,0.9,2.6,13.8,0,0,10,31.73,1
25.3,86.2,2,1170,0.8,12.1,16.0,1.2,3.0,2.0,3.4,19.2,0,0,7,24.05,1
30.6,88.7,1,417,6.8,7.7,20.9,0.0,5.2,1.3,1.3,12.9,1,1,11,24.29,1
24.7,77.4,1,1557,3.1,11.2,21.4,4.2,4.8,3.5,0.6,17.5,1,0,2,25.39,1
24.2,65.3,6,603,0.3,12.7,20.5,4.0,0.6,5.4,0.1,36.9,1,0,12,24.9,1
33.2,63.0,2,1461,4.2,10.1,19.9,1.6,3.0,4.1,5.0,27.5,0,1,6,40.63,1
25.8,62.7,5,1436,2.6,2.9,19.7,2.1,4.4,1.2,2.4,24.9,0,0,2,27.25,1
36.9,71.2,5,1601,1.6,2.8,15.2,1.3,3.0,0.8,2.1,18.4,0,1,11,31.28,1
23.3,51.0,1,1374,4.6,4.7,16.2,0.2,1.0,3.5,0.7,8.3,0,0,11,17.13,0
34.4,59.7,4,1281,1.4,13.6,16.5,0.3,5.6,0.3,3.7,13.6,0,0,5,31.78,1
28.0,41.3,3,400,2.9,12.4,24.0,5.5,4.6,2.7,2.0,18.9,0,1,5,29.35,1
33.0,66.1,4,1135,1.1,7.8,20.9,1.2,4.9,2.5,1.4,13.5,0,1,1,23.32,0
32.7,34.0,3,1988,2.2,10.8,15.8,1.6,0.6,3.4,1.4,18.2,0,0,12,29.64,1
20.9,70.6,3,1348,2.4,8.8,15.9,1.5,5.2,5.6,1.0,17.2,0,0,10,28.99,1
32.3,51.4,1,1667,0.2,11.9,19.6,2.3,6.3,5.8,1.9,20.8,1,0,4,20.56,0
28.0,58.6,5,1266,7.8,11.3,21.8,0.4,2.7,1.7,0.2,17.6,0,0,7,29.87,1
25.1,95.0,5,1045,7.5,7.3,17.3,2.5,3.8,1.5,0.4,20.0,0,0,3,32.76,1
34.3,50.6,5,1377,2.8,6.4,18.6,3.2,4.2,3.9,1.1,18.5,0,0,2,30.1,1
31.2,51.1,5,659,1.8,4.4,8.0,0.7,5.0,3.5,1.8,22.1,0,0,5,28.53,1
31.4,69.5,6,1385,4.4,13.7,22.6,2.2,5.0,3.4,0.1,7.2,1,0,7,24.71,0
36.0,64.3,6,751,2.6,6.4,14.1,1.6,3.2,2.3,1.3,21.1,0,0,11,27.87,1
34.2,76.4,5,1700,5.3,9.2,17.3,2.3,3.8,2.7,1.3,23.1,0,1,10,39.23,1
29.9,70.8,2,918,7.7,10.5,21.2,1.7,0.9,5.1,0.6,5.1,1,1,11,25.52,1
25.7,71.5,5,1176,0.8,4.8,16.9,1.3,2.1,5.2,0.9,12.4,0,1,1,21.72,1
36.3,83.5,5,1052,6.4,7.7,19.9,2.6,4.1,4.1,3.4,25.2,0,1,2,36.63,1
26.4,56.5,3,619,1.3,12.0,22.2,0.3,2.5,2.5,3.0,4.8,0,0,2,27.4,1
22.0,60.7,3,1108,4.6,4.1,14.8,1.2,4.0,4.7,0.6,10.6,0,0,7,21.77,0
38.4,73.8,5,1401,2.6,5.8,14.7,2.7,3.3,4.9,0.8,9.9,0,0,4,32.32,1
39.2,66.0,4,1395,6.6,8.9,21.7,1.7,6.0,4.0,0.3,19.8,1,0,1,34.73,1
21.9,51.5,4,976,5.3,7.3,18.4,0.5,1.0,3.7,1.3,4.0,0,1,4,25.03,1
31.2,28.6,3,436,5.2,10.4,15.7,2.3,1.4,5.9,0.7,31.5,0,0,10,29.99,1
22.9,71.0,4,1394,3.7,11.9,10.6,2.3,6.3,3.3,1.1,16.9,0,1,10,31.48,1
32.5,63.9,3,2346,7.0,14.1,17.5,4.0,0.9,3.3,0.2,13.2,0,1,1,35.62,1
27.4,50.6,6,1796,5.0,7.5,16.4,0.9,0.8,1.2,2.0,15.8,0,1,6,30.5,1
23.0,66.1,6,1065,9.6,6.5,19.2,4.6,2.1,3.6,4.2,25.3,1,1,8,35.55,1
33.9,80.8,6,1298,0.4,7.3,18.9,4.0,2.1,1.9,1.1,24.6,1,0,6,26.59,1
25.4,51.5,5,1485,7.7,11.7,17.2,0.7,7.4,4.3,0.8,13.9,1,1,2,27.32,0
31.4,69.8,4,1128,7.2,6.5,16.8,0.9,5.5,3.0,0.5,14.4,0,1,12,30.79,1
26.4,56.4,5,1581,2.1,7.8,11.2,0.3,6.1,1.8,0.3,31.9,0,0,2,28.37,1
37.5,59.8,5,1695,4.6,8.8,18.0,1.9,2.8,2.6,2.0,22.1,0,0,8,35.15,1
34.5,52.6,5,1166,1.8,11.6,19.0,1.9,4.0,5.0,0.1,27.0,0,1,8,31.48,1
27.4,57.5,5,1318,3.3,10.8,11.0,1.1,8.2,6.9,0.6,24.8,1,1,12,26.46,1
19.4,68.2,4,2307,1.3,5.9,15.8,0.3,5.2,1.8,0.2,11.1,0,1,9,25.41,1
31.2,65.3,1,1014,2.8,17.1,18.5,6.0,3.8,0.8,0.3,23.3,0,1,4,27.45,1
25.1,70.2,4,1183,4.7,7.6,19.0,2.6,2.6,1.9,1.4,21.3,0,1,7,26.56,1
35.0,67.6,5,815,2.4,6.6,10.9,1.2,5.5,2.3,4.9,15.2,0,0,3,26.25,0
36.8,75.3,1,1540,2.3,10.1,21.8,5.5,5.2,5.0,2.5,14.9,0,0,4,33.94,1
29.5,81.1,4,993,8.1,11.8,21.8,0.7,3.2,0.8,0.7,20.6,0,0,12,32.17,1
33.7,66.9,3,801,6.1,4.3,19.8,5.6,0.0,3.7,1.3,22.0,1,0,2,28.62,1
23.3,73.1,5,1389,0.6,11.2,15.7,2.6,1.6,3.7,2.4,22.0,0,1,7,30.49,1
32.2,73.1,1,1125,3.0,9.9,20.0,1.0,0.9,4.9,1.6,24.9,0,1,9,25.96,1
37.1,71.7,5,981,4.7,7.7,19.0,0.8,2.3,3.2,0.8,33.5,0,1,9,35.96,1
23.0,61.9,4,1809,1.9,6.4,20.5,0.8,6.7,5.3,0.8,9.5,0,0,6,21.71,0
32.9,62.1,6,1817,5.6,7.3,15.1,2.5,2.3,1.0,3.2,19.8,0,1,9,38.66,1
30.6,59.2,3,1117,3.9,13.3,17.6,1.0,4.8,4.3,0.1,19.9,0,1,7,25.13,0
33.5,79.7,3,923,3.1,2.1,17.4,1.2,1.3,4.4,1.1,18.5,0,0,8,27.83,1
29.7,69.0,3,1446,1.7,11.1,20.8,4.0,4.0,3.1,0.2,24.4,0,1,7,31.35,1
29.0,68.5,4,1899,2.5,9.9,18.2,0.5,5.2,5.4,0.1,23.6,1,1,5,27.85,1
35.0,54.9,6,956,4.6,8.4,17.3,0.2,5.3,3.3,0.4,11.6,1,1,9,26.94,1
29.5,68.7,6,1106,4.2,10.5,15.3,0.3,3.2,1.1,1.5,16.9,0,1,10,27.06,1
31.6,76.3,4,861,5.7,8.2,13.4,2.9,5.9,3.9,1.8,4.0,0,1,11,28.92,1
22.9,44.7,3,799,4.8,14.6,13.8,4.2,2.1,0.8,0.1,19.7,0,0,11,25.44,1
31.2,67.4,2,672,0.5,9.1,19.1,1.9,3.6,1.3,1.3,25.7,0,1,11,22.07,1
32.5,86.0,6,976,6.2,9.4,18.1,0.8,0.0,0.4,1.3,11.5,0,0,1,28.58,1
28.6,48.4,6,533,4.6,7.7,13.6,3.3,2.8,0.0,0.2,20.9,0,0,8,27.77,1
29.1,56.9,6,1032,1.4,11.3,19.0,0.1,6.5,0.0,0.3,22.2,0,0,1,25.23,1
20.0,76.1,4,525,1.3,12.4,21.3,1.3,4.9,7.2,2.5,17.0,1,1,6,23.89,1
24.4,94.1,3,1031,2.0,8.5,14.6,2.8,3.4,2.8,0.1,12.1,0,1,3,22.97,1
28.0,60.9,3,661,1.3,6.7,18.8,0.7,3.6,6.6,1.3,6.9,0,0,11,21.12,1
27.8,75.6,5,685,2.0,8.2,21.5,1.7,1.7,5.1,3.1,18.3,0,1,1,28.55,1
39.5,40.1,2,508,8.9,8.9,12.6,0.3,1.9,2.1,0.3,31.2,0,1,1,31.86,1
32.9,44.1,6,1203,2.6,5.7,16.5,0.6,7.3,0.4,0.1,28.8,0,1,4,27.34,1
23.7,61.4,6,2028,5.4,6.1,17.6,4.6,0.7,4.1,0.2,16.0,0,0,3,29.41,0
39.9,68.8,6,1996,4.8,10.4,18.4,1.3,5.9,1.7,0.6,22.9,0,1,8,37.97,1
22.7,53.4,6,1480,1.5,8.1,23.8,0.4,4.8,2.9,0.6,28.0,0,0,9,28.63,1
23.9,80.9,6,1236,3.3,8.7,16.1,0.6,4.5,4.1,0.6,13.6,0,1,2,27.34,1
25.1,63.9,6,779,2.3,5.7,17.3,2.0,3.4,2.0,0.7,26.3,0,1,11,30.1,1
29.0,35.4,2,1913,7.1,9.1,22.6,1.3,4.0,4.7,0.3,9.1,0,0,9,28.16,1
41.4,71.2,5,850,3.0,11.8,18.1,1.0,3.6,0.9,2.5,9.4,1,0,11,25.18,0
28.0,70.1,5,2102,2.2,8.5,18.9,3.9,6.1,5.0,0.8,18.7,0,0,2,33.05,1
31.8,70.8,5,1582,2.6,7.4,24.0,0.9,3.1,5.2,3.2,19.0,0,0,2,31.65,1
22.4,39.7,6,1442,3.4,9.5,18.3,2.9,4.2,6.8,2.1,12.1,0,0,8,32.42,1
27.2,48.3,3,1410,3.5,8.5,15.8,4.2,4.8,6.4,0.1,7.2,0,1,6,25.49,1
41.3,65.8,2,1686,2.7,11.0,8.0,2.1,4.5,1.2,0.9,7.0,0,1,5,25.14,0
35.4,55.0,3,400,4.2,6.1,15.5,3.7,4.6,0.4,0.2,22.6,0,1,2,27.87,1
33.6,87.3,5,1089,5.0,9.0,15.4,4.0,0.0,2.3,0.6,17.9,0,0,1,31.93,1
36.5,47.5,6,2080,7.4,12.2,21.5,1.4,5.5,1.2,0.7,16.4,0,0,5,37.87,1
32.0,46.6,1,1333,0.2,14.0,20.8,2.9,1.9,1.6,3.0,17.6,1,1,12,23.68,1
31.8,80.8,3,1324,2.1,6.2,21.5,6.6,1.1,4.0,1.2,14.3,1,0,12,24.57,1
24.2,95.0,5,681,7.0,3.3,11.5,1.0,9.3,4.8,0.9,4.0,0,0,4,25.27,1
22.2,89.8,4,1329,2.8,5.7,17.4,0.9,2.2,2.1,1.6,27.5,0,0,9,27.08,1
26.2,46.6,5,1632,1.3,10.7,10.3,0.8,6.8,2.9,0.7,4.0,1,0,5,18.1,0
27.8,72.2,3,954,2.8,10.3,13.5,3.2,4.1,2.7,0.1,7.9,0,0,1,21.62,1
25.5,38.7,4,732,0.7,7.5,13.5,0.8,0.5,1.2,1.6,22.8,1,1,12,15.34,0
32.7,85.4,4,1029,2.0,5.4,8.0,1.6,1.1,4.6,1.7,19.0,1,1,9,26.82,1
38.0,50.7,5,920,0.9,8.0,21.7,0.7,3.2,3.5,1.7,26.0,0,1,5,32.81,1
29.3,61.2,6,1397,2.7,6.9,22.9,1.0,0.0,4.1,0.4,10.0,0,0,2,22.22,0
21.9,46.7,3,980,8.8,4.9,24.0,0.9,5.9,6.2,0.6,17.3,0,0,3,27.99,0
23.5,86.6,5,1493,1.4,6.7,17.1,3.1,3.0,5.0,1.7,15.8,0,0,9,28.48,1
34.3,38.3,5,2363,2.8,12.2,18.9,1.0,2.0,3.9,0.1,26.9,0,1,7,34.36,1
33.1,69.2,6,2004,3.9,9.2,18.9,1.3,3.2,3.9,0.1,19.2,0,0,1,35.8,1
30.4,69.7,6,1496,6.3,10.2,23.1,2.0,4.0,1.2,1.7,10.8,0,1,10,34.5,1
32.4,71.2,3,1314,6.2,13.5,20.9,3.4,5.1,1.8,0.1,30.2,0,0,11,33.48,1
34.7,53.9,4,1324,4.6,8.7,15.0,0.4,4.7,4.4,0.7,15.2,0,1,2,31.25,1
29.6,51.1,5,1070,2.2,8.8,24.0,2.6,5.3,1.0,0.2,18.5,0,1,11,27.57,1
30.8,61.8,2,1721,3.6,9.2,20.1,2.7,3.6,2.3,0.2,7.9,0,0,5,23.55,0
27.7,62.9,5,1092,2.3,8.5,20.4,1.1,0.1,2.7,1.0,16.6,0,0,9,25.99,1
19.9,66.0,5,469,4.5,8.1,20.4,1.2,1.4,3.3,0.4,22.5,0,1,5,24.75,1
29.8,61.2,3,2035,4.0,11.7,17.7,0.4,4.0,4.6,0.2,22.0,0,1,7,31.42,1
29.1,55.5,1,1036,1.0,11.2,23.2,0.3,3.4,4.0,1.9,17.9,1,0,8,18.52,0
31.2,51.5,4,762,2.4,8.3,24.0,1.7,2.2,1.2,0.1,17.4,0,0,5,25.11,1
26.7,63.5,5,1265,2.5,10.0,23.7,0.5,2.6,3.6,0.2,11.1,1,0,10,19.49,0
31.2,71.9,4,1341,1.7,11.0,11.2,1.8,3.3,4.1,1.2,26.6,0,0,11,28.84,1
31.1,47.5,6,1563,1.1,9.8,13.4,1.0,2.6,2.3,1.3,15.5,0,1,12,29.61,1
27.3,61.0,3,1073,3.1,10.5,17.5,1.4,4.9,0.9,2.9,16.2,0,1,11,26.38,1
24.5,74.8,4,1539,1.1,5.5,18.3,1.8,6.0,3.1,1.0,14.7,0,0,12,24.11,1
26.0,57.0,1,1371,3.2,6.6,22.5,1.1,3.4,7.2,2.4,11.2,0,0,2,23.57,0
30.9,65.4,4,1392,1.2,10.3,15.2,4.5,5.1,2.0,0.9,27.9,0,1,6,29.36,1
33.4,57.3,6,1345,3.9,15.1,20.4,1.5,1.4,2.7,0.3,19.9,0,0,5,26.2,0
37.9,58.5,4,1428,0.5,6.9,14.2,1.5,5.9,3.0,0.5,10.6,0,0,1,26.81,1
28.8,62.5,5,1388,3.4,5.2,16.4,0.5,3.6,1.2,1.2,20.6,1,1,12,24.73,1
31.6,44.9,5,565,2.0,11.1,12.7,7.3,4.4,2.1,0.8,14.2,1,1,5,22.73,1
35.0,53.6,2,615,4.8,11.0,19.8,0.5,6.3,2.8,2.7,10.8,0,1,10,26.67,1
24.5,40.6,3,715,4.8,10.0,19.4,1.4,0.0,2.0,1.7,14.5,1,1,3,22.65,1
32.3,55.3,6,1487,1.8,9.6,18.4,1.1,0.0,1.8,0.8,28.4,0,1,10,30.43,1
27.0,76.7,4,1197,4.5,12.9,18.5,1.1,5.8,3.1,1.8,13.1,0,1,12,31.37,1
27.4,61.5,2,808,4.4,7.6,23.3,4.2,5.5,4.1,1.8,11.3,0,0,12,30.79,1
32.9,87.0,6,1474,3.7,10.7,14.0,1.9,3.9,7.7,1.9,15.9,0,1,5,35.48,1
28.1,69.7,1,2045,9.0,7.4,20.0,0.8,3.5,1.8,0.4,26.7,0,0,4,30.62,0
30.9,43.3,2,1444,2.4,6.9,17.4,6.0,3.4,4.3,1.3,15.6,0,1,9,25.3,0
23.9,73.7,5,946,2.7,11.5,13.7,0.7,2.2,0.1,4.2,15.4,0,0,8,25.7,1
28.9,64.7,4,2072,5.3,8.3,21.9,1.1,4.9,1.1,1.6,11.5,1,0,1,28.53,1
25.0,70.4,6,793,7.7,5.9,14.0,2.2,1.2,2.2,3.3,6.1,0,1,2,32.62,1
27.8,69.6,2,1544,4.2,4.7,22.3,3.5,0.9,0.0,0.5,7.5,0,1,3,24.67,1
43.0,56.5,6,1763,7.1,7.4,17.2,0.8,2.3,5.0,0.1,19.0,0,1,5,37.8,1
29.4,53.9,5,1629,5.2,8.7,19.6,0.9,2.6,1.4,1.2,29.6,0,0,8,32.11,1
28.2,58.1,3,1265,6.3,12.0,20.9,2.5,4.6,5.4,0.4,8.4,0,0,4,27.15,0
27.3,57.7,2,1131,3.8,12.2,13.0,2.0,4.3,2.9,2.3,27.4,0,0,1,29.3,1
25.5,79.3,2,1326,4.9,10.9,22.1,5.0,4.7,3.3,0.4,13.2,0,1,9,29.57,1
38.0,69.8,4,1301,1.2,9.8,24.0,2.0,2.9,4.4,0.8,23.7,0,0,4,33.05,1
25.9,64.1,2,1356,6.8,9.4,15.6,1.0,3.3,2.3,0.4,16.3,1,0,3,26.28,1
40.9,50.7,1,1185,9.5,8.6,17.1,2.9,2.7,2.6,0.3,20.4,0,1,4,36.99,1
28.2,84.1,3,2139,2.5,12.4,15.5,1.9,3.3,3.5,0.9,24.7,1,1,5,25.49,0
35.3,75.4,2,400,2.7,6.5,15.0,0.7,3.9,4.4,1.1,27.4,0,0,7,27.58,1
29.8,85.6,2,2163,2.0,6.8,17.1,0.8,2.5,4.3,0.2,16.7,0,0,12,27.96,1
26.2,58.2,3,1006,6.8,9.8,14.4,2.1,0.9,6.4,0.7,26.4,0,1,1,32.61,1
28.4,95.0,3,1348,4.1,11.3,16.9,2.7,4.7,6.2,0.7,13.1,0,0,3,25.6,0
35.7,74.6,3,1767,2.6,8.8,19.7,3.6,4.2,5.4,2.4,29.3,0,0,1,38.11,1
28.4,76.1,4,699,0.5,8.8,17.0,7.0,4.2,2.3,0.4,24.7,0,1,1,25.65,1
19.9,76.8,6,1818,6.5,7.3,19.3,1.6,2.7,5.2,0.2,11.1,0,1,6,31.41,1
38.4,67.3,5,1160,4.1,8.4,17.4,0.8,3.8,4.0,0.2,24.4,1,1,1,30.6,1
25.8,44.3,4,1098,3.3,7.3,13.9,2.5,2.6,5.9,1.1,16.3,0,1,11,25.15,1
27.7,43.6,1,1173,7.9,11.1,23.2,3.9,3.0,3.0,0.7,19.1,0,1,7,26.48,0
36.4,82.0,4,1912,6.3,7.7,20.9,0.3,2.3,3.2,1.2,13.9,0,0,2,31.97,1
21.1,80.7,6,1142,9.5,11.9,22.8,0.4,4.7,3.7,0.8,23.6,0,0,11,31.49,0
26.8,52.9,6,1853,4.8,10.2,23.1,2.4,2.3,4.7,2.1,12.8,0,0,10,29.86,0
32.4,57.6,5,1067,4.4,1.0,8.0,1.4,0.9,1.4,0.3,10.3,0,0,11,23.79,1
32.3,81.9,5,1412,1.8,9.0,19.6,1.3,4.3,1.9,1.6,13.8,0,1,11,27.99,1
32.1,63.4,5,1722,2.2,11.3,12.6,1.8,2.7,1.2,0.4,18.5,0,1,8,27.1,1
24.6,57.8,4,2132,8.3,6.1,19.3,1.1,3.0,4.3,0.3,8.0,0,1,11,33.34,1
33.8,51.2,5,1060,8.3,10.4,17.2,1.2,4.9,4.0,0.8,14.5,0,0,2,30.45,0
27.1,34.2,5,1359,1.5,11.2,14.1,1.5,4.5,0.7,0.9,22.3,0,1,7,26.09,1
30.2,57.6,3,1433,2.5,9.5,21.1,1.0,5.1,4.1,1.5,14.4,0,0,2,25.37,0
24.7,63.4,1,1175,5.4,11.2,14.8,2.2,2.6,2.6,1.2,20.2,0,1,11,26.73,1
37.8,60.3,5,643,3.5,7.3,21.4,1.2,0.0,4.2,0.6,30.2,1,0,8,25.29,0
27.4,71.4,6,1930,3.7,9.3,18.4,3.2,3.9,6.6,0.1,13.2,1,1,8,28.78,1
28.9,45.1,6,2083,0.7,4.3,16.1,2.1,2.2,3.8,1.8,14.5,1,0,6,24.47,1
26.6,84.2,2,714,4.3,11.0,17.4,2.5,6.2,4.1,0.1,31.5,0,1,6,33.26,1
31.2,80.2,5,1741,4.2,6.4,18.4,1.2,3.9,0.4,0.6,17.5,0,1,4,28.37,1
22.7,44.8,3,1216,11.5,9.4,14.4,1.7,0.0,2.8,1.1,18.8,0,0,12,30.83,1
28.8,33.8,2,845,8.4,9.5,15.7,1.0,6.1,2.7,0.3,14.6,0,0,11,27.75,1
28.2,56.5,6,1901,1.9,10.7,21.0,4.9,5.3,5.8,0.7,4.0,0,1,8,28.15,1
37.3,56.8,5,1313,10.5,12.2,24.0,1.4,4.2,3.5,2.2,10.6,0,0,10,40.53,1
27.7,83.5,1,1951,5.4,12.6,19.8,0.9,2.1,1.3,0.8,20.8,0,0,2,29.57,1
28.4,55.8,2,1402,3.4,9.6,16.1,3.1,4.6,5.3,0.4,23.4,0,0,8,30.42,1
30.0,60.4,6,1853,0.4,8.6,24.0,0.7,9.3,4.9,0.3,18.5,0,1,12,33.09,1
34.4,42.1,2,1958,5.7,5.6,20.8,3.1,5.6,3.2,2.2,17.8,0,1,8,36.52,1
39.4,47.1,3,1273,2.1,11.5,15.9,0.7,4.4,4.4,0.9,14.9,0,1,5,27.11,1
31.6,75.8,4,1109,2.3,12.7,12.9,0.3,3.1,5.4,1.3,21.8,0,0,10,29.76,1
31.9,32.9,3,1694,3.3,10.5,20.1,4.8,4.5,0.0,0.3,24.3,0,1,8,34.44,1
37.4,55.2,1,1359,1.2,9.8,19.9,0.5,0.9,0.6,5.0,5.6,0,1,3,27.78,1
29.7,52.6,5,828,3.9,9.7,22.9,0.2,2.8,2.4,3.6,27.7,0,1,9,29.44,1
31.6,82.9,4,604,2.4,10.4,16.2,2.0,2.9,1.9,0.2,6.4,0,0,12,20.33,0
26.5,95.0,6,974,3.8,7.3,24.0,3.2,4.6,0.4,0.1,15.2,0,1,5,25.93,1
28.7,73.9,5,400,2.7,13.4,15.8,0.1,3.7,2.4,1.8,19.4,0,0,9,21.55,0
25.6,32.5,3,1237,3.3,8.4,17.3,3.5,4.9,3.3,0.2,25.5,0,0,12,30.49,1
40.3,68.3,1,801,0.4,10.4,20.5,1.7,6.9,2.5,0.3,19.9,0,0,5,27.22,1
33.4,81.5,3,400,4.5,5.7,19.9,0.9,2.3,1.8,1.3,27.4,1,1,4,28.42,1
32.9,52.8,6,1278,1.1,8.8,19.1,1.5,5.0,3.1,0.3,12.2,0,1,7,30.98,1
24.5,77.7,5,1279,0.5,5.9,14.5,2.7,1.5,5.5,2.5,13.5,0,0,8,25.59,1
30.0,71.8,4,1095,4.6,1.3,20.0,1.8,6.2,1.9,3.0,36.8,0,0,12,33.51,1
26.0,61.4,3,1517,3.0,12.3,16.6,1.8,7.9,3.6,1.9,21.4,0,0,8,32.57,1
26.0,28.5,2,949,2.9,8.3,22.1,0.8,4.2,0.0,1.0,4.0,0,0,4,20.65,1
22.7,46.9,2,1050,4.5,7.5,15.0,3.6,4.4,0.0,0.3,24.0,1,1,9,25.19,1
26.2,83.1,4,1236,0.9,6.9,12.4,3.1,2.3,6.1,0.8,35.9,0,1,7,26.17,0
42.5,83.8,3,1032,1.6,6.5,12.4,2.1,4.5,2.4,1.4,17.5,0,1,1,31.63,1
26.4,49.5,4,1179,1.3,8.3,18.8,3.5,4.2,2.2,2.7,14.5,0,0,11,26.98,1
32.8,72.8,1,1499,6.8,8.1,12.6,3.1,0.4,3.2,2.2,4.4,0,1,4,29.46,1
34.2,39.8,6,970,11.9,9.7,19.4,1.0,3.8,5.7,0.1,28.3,0,0,8,38.07,1
31.8,58.1,2,1284,2.1,12.2,14.6,3.7,3.9,1.4,0.6,22.5,0,1,4,28.33,1
33.2,84.4,6,1920,4.3,4.8,20.0,2.5,3.6,2.5,0.1,15.1,0,0,10,33.27,1
24.5,74.5,6,1414,2.1,11.2,11.9,1.6,6.2,1.1,1.4,16.1,1,0,11,23.31,1
37.2,61.4,6,1622,4.2,5.5,21.3,1.6,5.5,3.6,0.1,18.7,0,1,10,33.26,1
39.9,62.0,4,934,4.5,13.6,11.3,3.1,0.5,4.6,0.3,8.3,0,0,11,28.56,1
29.7,95.0,6,1564,3.1,8.2,23.6,1.1,2.3,5.6,0.4,11.4,0,0,1,29.06,1
25.9,67.3,4,983,0.9,8.9,23.7,2.1,1.5,5.9,2.9,13.0,1,0,9,25.21,1
25.3,66.4,1,743,2.2,9.7,22.3,0.4,3.5,6.2,0.9,17.3,0,1,10,24.09,1
22.8,63.5,1,400,1.5,11.8,16.5,0.1,7.4,4.8,2.6,21.4,0,1,1,24.72,1
32.5,73.7,6,521,2.6,13.4,13.3,1.0,2.8,2.3,0.8,13.0,0,0,1,22.62,0
33.6,66.3,4,1725,0.9,9.7,23.1,0.4,5.9,3.7,1.8,11.0,0,0,10,25.76,0
37.9,64.9,2,1521,4.2,9.8,9.9,2.4,1.2,1.4,1.8,16.7,0,0,9,32.3,1
22.9,73.5,2,1138,1.4,11.0,14.1,0.5,6.5,2.7,0.5,19.3,0,1,2,23.86,1
33.7,60.1,2,1173,3.5,7.3,17.6,3.2,0.6,1.9,1.5,7.6,0,1,4,24.46,1
32.9,65.1,5,1089,3.5,10.2,21.4,1.8,2.9,0.2,0.7,24.9,0,0,5,28.87,1
28.1,76.4,2,1304,0.5,9.2,12.0,3.5,4.3,5.3,1.3,25.2,0,0,8,28.62,1
25.0,70.0,6,1024,2.6,8.4,14.5,0.3,1.8,1.3,0.3,14.7,0,0,11,22.4,1
30.9,48.4,4,1267,1.9,1.0,20.1,1.8,2.2,3.1,4.1,23.7,1,0,6,28.59,1
40.4,69.1,2,1499,3.9,5.0,16.9,5.9,4.4,3.4,0.7,5.7,0,0,2,29.62,1
23.0,49.1,5,1077,1.8,9.4,24.0,0.8,2.4,1.1,0.4,14.4,0,1,11,22.49,1
26.4,58.2,4,1434,2.6,13.6,23.5,3.5,4.8,6.1,0.2,19.4,0,1,7,32.99,1
26.7,44.2,3,1876,2.2,9.3,15.2,7.2,3.9,0.5,2.1,23.0,0,1,7,29.46,1
28.6,57.5,6,1378,0.6,8.8,22.3,1.8,3.1,5.0,0.4,12.7,1,0,6,22.94,1
34.8,74.9,4,2229,2.1,11.3,21.9,2.4,2.2,2.4,1.1,17.1,0,0,2,31.57,1
27.0,67.3,4,1641,2.7,10.8,23.0,3.0,2.3,3.5,1.2,9.2,0,0,7,28.01,1
18.0,57.8,6,1225,1.3,7.8,8.9,0.7,3.0,3.3,0.1,18.4,0,1,12,20.22,0
23.0,74.6,3,1038,1.3,6.8,19.2,0.8,3.4,3.3,0.1,19.3,0,1,10,20.25,0
22.9,78.4,1,871,2.3,11.6,19.5,1.1,3.7,3.6,2.0,15.6,0,1,8,23.55,1
30.6,55.4,2,562,3.8,13.6,18.9,3.4,3.0,4.3,0.2,29.9,0,1,11,27.3,1
30.1,33.4,2,794,3.4,11.0,11.8,1.2,2.9,1.6,0.8,24.8,0,0,3,24.19,1
23.6,52.1,5,1113,6.2,6.9,24.0,2.3,3.4,6.0,0.6,29.4,0,0,5,32.38,1
32.9,60.9,4,1140,3.5,9.0,13.8,1.2,4.5,5.8,0.1,20.0,0,1,3,31.33,1
20.1,58.8,4,1085,5.0,11.4,23.1,3.4,3.5,3.6,2.5,11.0,0,1,1,30.32,1
28.3,54.7,4,2103,1.5,11.7,17.8,2.0,4.7,4.4,3.9,6.4,0,0,10,31.9,1
35.8,76.9,6,791,4.2,7.3,14.1,2.4,2.1,3.0,0.2,14.9,0,0,8,25.43,0
21.4,63.4,4,1719,5.1,11.5,16.5,1.6,3.6,3.8,0.0,27.8,1,1,10,30.13,1
32.2,82.1,2,879,8.5,5.9,22.6,1.9,2.0,1.0,0.7,21.2,0,1,7,31.25,1
34.4,82.9,3,400,7.6,10.8,17.1,1.8,3.5,2.0,0.8,15.7,0,0,2,32.34,1
26.9,58.7,5,867,4.3,8.8,18.5,1.0,5.3,3.5,0.7,16.1,0,0,6,24.91,0
30.0,71.9,5,1896,1.5,11.7,10.2,0.1,5.5,3.2,2.7,21.7,0,0,7,32.27,1
21.8,77.5,2,1260,1.5,9.0,14.7,1.7,4.9,2.9,0.8,23.5,0,0,12,27.2,1
30.9,73.4,4,706,4.8,13.8,14.9,1.1,2.7,1.9,0.5,19.3,0,1,1,26.8,1
23.2,66.4,6,2016,2.4,10.9,16.9,1.3,4.5,4.1,1.6,19.2,0,1,10,30.05,1
26.4,67.2,6,674,4.0,14.4,10.5,1.7,6.6,7.1,1.1,4.0,0,1,8,26.14,1
31.3,61.7,3,2142,1.5,7.5,17.0,0.4,0.6,5.8,0.6,23.4,1,1,10,24.95,1
27.3,94.5,2,1343,1.4,8.8,16.4,0.7,7.2,0.0,0.6,15.6,0,1,12,21.36,0
23.7,73.2,4,1804,4.5,5.1,21.9,0.4,5.2,3.0,0.9,4.7,0,1,3,26.75,1
29.0,87.7,2,1449,1.1,9.9,24.0,1.7,0.0,2.2,1.6,29.6,0,0,8,25.59,1
27.8,70.3,3,905,5.4,9.0,14.5,1.0,3.6,2.6,1.4,9.2,0,0,2,24.32,1
25.1,60.6,5,1555,2.4,1.0,13.5,0.4,4.3,1.3,0.4,24.3,0,0,5,26.39,1
19.2,55.7,2,965,0.7,8.3,24.0,3.6,2.4,0.0,1.0,14.6,0,1,12,20.45,1
28.1,65.7,6,1093,1.0,13.4,12.3,0.3,4.4,2.3,2.2,21.1,0,0,8,27.47,1
33.5,36.4,1,1256,3.9,11.2,22.2,6.2,4.4,3.9,0.3,31.6,0,0,12,30.45,0
26.0,58.9,3,1704,3.2,12.2,18.1,0.8,4.3,0.5,1.0,21.7,0,1,3,26.46,1
26.3,60.8,6,675,2.0,6.5,18.9,5.2,1.5,3.2,2.0,27.0,1,1,7,25.81,1
26.7,47.4,6,948,4.9,13.6,20.7,0.4,4.6,2.4,0.9,21.9,0,1,10,32.49,1
31.1,79.3,3,1669,6.2,8.0,14.4,1.2,6.7,2.4,0.4,27.1,0,0,5,31.75,1
21.5,44.7,2,1406,4.4,9.5,20.5,2.9,5.9,1.9,0.5,16.2,0,1,12,23.56,0
32.8,72.2,2,801,1.2,6.0,9.7,1.2,2.2,0.0,1.3,30.0,0,0,2,25.63,1
39.3,58.8,6,779,5.3,7.4,18.3,0.6,6.2,4.5,0.9,10.8,0,1,4,32.58,1
31.4,66.6,6,1101,1.9,11.8,17.9,2.2,1.1,0.1,1.9,15.1,1,1,5,26.13,1
29.4,67.5,2,1014,5.8,7.2,21.9,0.5,3.6,0.0,0.3,28.7,0,1,2,31.4,1
31.3,61.1,6,1573,4.1,12.1,19.6,0.6,8.6,1.5,0.3,10.1,0,1,12,29.36,1
31.5,42.5,3,1732,2.7,3.6,16.5,5.6,4.0,3.4,0.8,16.3,1,1,3,27.18,1
27.4,65.9,1,1074,2.4,4.9,20.2,0.8,5.3,3.2,5.0,15.4,0,0,3,27.91,1
28.4,43.9,1,1213,6.5,12.8,14.3,1.5,3.9,8.4,0.5,33.7,0,0,2,33.36,1
28.1,69.3,1,1421,3.3,7.3,14.6,2.4,3.8,5.2,1.2,24.1,0,1,12,30.51,1
31.7,66.5,3,1719,3.3,9.8,9.8,1.0,4.5,2.2,0.5,15.8,0,1,6,25.36,0
38.5,43.0,4,731,2.2,11.2,18.3,1.5,5.8,5.0,0.5,15.5,1,1,8,26.83,1
29.8,57.7,3,1010,1.2,3.4,11.9,1.0,3.8,5.0,0.9,32.4,0,1,7,31.3,1
39.2,57.3,4,1291,3.1,6.8,22.7,1.6,2.4,3.7,0.4,12.0,0,1,12,24.71,0
24.8,77.7,3,1394,5.0,5.4,13.3,0.1,7.1,2.1,0.2,21.0,1,1,7,23.79,1
32.9,41.1,6,1492,3.8,9.9,23.9,0.8,6.9,4.1,0.2,23.6,0,1,11,33.17,1
25.6,59.5,2,1783,2.9,13.5,19.7,1.0,4.2,5.1,0.4,10.2,0,0,9,23.47,0
29.8,63.0,5,806,2.8,10.1,23.5,0.8,5.7,3.4,0.4,20.0,0,1,5,27.39,1
28.7,86.0,3,1244,6.5,10.6,19.7,1.0,5.2,1.5,1.2,23.3,1,0,5,28.93,1
19.7,81.4,6,1387,3.6,14.5,13.9,2.0,0.0,3.9,0.1,15.9,1,0,2,27.3,1
27.9,77.1,5,1250,5.2,10.5,16.8,1.3,1.7,5.4,0.4,14.4,0,0,8,30.79,1
31.1,51.5,4,1701,2.3,11.2,17.2,3.1,1.0,0.0,0.3,21.8,0,0,5,25.64,0
30.6,70.7,1,1427,12.0,12.9,17.8,0.7,2.1,3.5,0.2,12.1,1,0,2,29.87,1
21.8,66.9,4,1285,11.1,9.8,14.8,0.8,4.7,1.2,0.9,20.8,0,0,5,31.03,0
22.0,68.7,4,1198,1.7,8.8,24.0,0.6,2.5,4.1,1.8,6.1,0,1,5,23.4,1
32.2,64.9,1,1495,7.8,10.4,21.3,0.9,5.7,7.6,1.5,24.7,1,1,3,38.67,1
24.1,68.5,3,1492,4.0,8.4,19.3,1.0,4.5,3.8,0.5,16.0,0,1,8,27.27,1
39.3,63.0,3,1075,3.6,8.8,17.4,2.9,3.1,3.2,1.4,14.9,0,1,11,31.12,1
30.7,70.0,6,1050,1.1,11.8,19.6,4.0,2.9,2.7,4.9,28.9,0,0,9,33.04,1
30.8,89.7,4,1166,6.3,11.2,18.6,3.3,4.9,1.8,0.0,19.1,0,0,4,32.63,1
28.3,69.8,1,1597,4.1,13.3,19.0,0.5,0.0,5.9,0.8,26.2,0,1,3,33.65,1
25.2,80.6,2,897,2.2,9.3,20.6,2.1,3.1,3.0,1.1,22.6,0,1,7,22.63,0
30.5,75.8,5,1530,3.8,7.3,17.1,5.8,2.0,0.6,1.8,26.7,1,1,1,33.5,1
28.0,52.9,4,584,8.5,10.9,18.6,2.9,2.3,2.5,1.3,22.8,0,0,7,31.77,1
36.6,72.3,2,1621,4.8,9.9,20.7,1.0,5.3,6.1,0.9,14.7,0,1,9,27.4,0
30.0,68.7,6,2136,1.3,10.8,12.4,2.2,1.4,2.4,0.0,19.0,0,0,6,30.85,1
30.4,69.2,3,1391,3.3,15.5,16.9,1.5,1.4,2.0,1.3,21.6,0,0,10,29.86,1
34.5,43.7,4,1322,4.0,9.7,18.9,1.1,5.7,3.1,1.3,13.6,0,1,6,32.51,1
34.1,56.3,5,1660,4.3,9.7,21.5,0.5,2.9,0.0,0.7,21.8,1,1,1,32.18,1
19.0,60.3,4,1152,7.0,14.0,20.0,0.6,4.4,2.8,0.4,18.8,0,0,12,29.22,1
39.0,52.0,4,1620,1.9,9.9,16.7,0.4,2.4,0.2,2.6,4.0,0,0,7,26.4,1
21.5,46.8,1,534,3.8,7.8,21.7,1.8,2.1,1.4,0.1,16.8,0,0,2,17.64,0
24.1,69.4,2,1624,3.5,7.5,17.9,0.4,1.2,3.1,0.7,18.1,0,1,5,21.59,0
27.7,54.5,5,1190,2.0,6.4,16.3,3.4,3.4,3.3,0.9,30.1,0,0,11,26.53,0
25.2,46.3,3,707,4.2,5.7,20.0,1.5,6.5,2.9,0.6,18.6,0,1,6,26.83,1
38.2,58.7,3,1874,0.0,11.9,20.4,1.6,3.0,5.1,1.7,12.7,0,1,4,27.9,1
29.3,66.0,3,1072,4.8,10.4,18.9,1.1,5.1,5.1,1.0,18.8,1,0,4,26.65,1
23.5,52.1,3,538,3.6,7.3,17.7,1.2,6.3,0.0,0.2,26.0,1,1,12,18.52,0
27.3,54.0,6,2051,1.9,10.5,19.8,0.9,1.1,4.1,1.1,18.3,0,0,1,24.96,0
25.2,48.3,1,1698,0.6,10.1,16.6,3.9,4.1,1.8,0.1,15.5,0,1,12,25.14,1
25.8,62.4,4,2276,4.8,5.6,19.2,0.5,5.7,1.2,0.7,23.2,0,0,9,31.1,1
31.1,71.0,2,1342,1.8,8.0,10.9,0.8,1.0,1.7,1.2,20.9,0,1,11,27.1,1
31.9,84.0,5,1471,2.6,8.1,13.7,0.2,4.4,4.3,2.1,22.8,0,0,3,34.28,1
28.4,68.4,6,813,3.4,9.9,21.1,1.1,2.8,3.4,3.6,5.3,0,1,10,29.22,1
22.6,48.0,4,1235,3.8,6.0,14.7,0.3,5.1,2.1,1.6,21.5,0,0,12,30.83,1
26.0,59.9,2,822,6.4,12.6,21.7,1.5,0.3,1.9,1.3,17.7,0,1,6,29.21,1
33.8,60.7,6,1286,2.3,5.3,11.7,2.0,7.2,4.7,0.4,15.9,1,0,12,24.35,0
31.8,95.0,4,1892,6.5,7.6,13.5,0.6,5.2,4.7,0.3,17.9,0,1,11,34.71,1
27.6,91.3,5,1064,7.0,10.3,17.8,1.4,0.8,7.3,2.4,10.1,0,1,10,31.79,1
33.0,57.1,4,826,4.5,10.7,23.6,2.2,4.7,1.4,0.4,21.6,0,1,1,30.86,1
19.9,57.9,1,1174,5.4,11.4,18.0,0.2,4.0,3.6,1.4,19.5,0,1,6,25.34,1
25.7,29.1,1,1279,1.9,10.1,18.8,2.9,4.6,1.9,1.5,29.8,1,0,10,24.21,1
29.4,58.6,2,992,4.5,10.6,17.5,2.3,3.1,1.6,0.4,17.5,0,0,2,26.95,1
30.7,80.9,1,1264,2.7,4.8,13.0,0.9,0.0,3.3,1.1,11.8,0,1,11,20.07,0
34.5,53.0,5,1545,10.8,4.8,23.3,0.1,1.5,0.9,0.2,13.6,0,0,1,34.45,1
29.6,67.7,3,966,3.9,12.3,24.0,3.8,4.3,2.1,5.0,13.2,0,1,3,30.04,1
30.7,62.1,2,870,3.6,8.9,16.9,0.6,7.3,4.5,0.2,7.2,0,0,8,23.87,1
30.0,87.1,2,1282,3.4,12.2,15.5,0.3,4.0,1.5,1.5,8.1,0,0,5,25.87,1
23.9,87.5,4,680,2.3,9.5,15.8,0.8,3.2,4.1,0.2,16.1,1,0,11,19.81,1
28.3,75.5,3,400,6.4,7.5,14.6,1.4,3.2,3.0,2.6,20.2,0,0,12,23.83,0
36.3,55.1,1,400,5.2,10.7,18.9,0.8,2.3,4.7,0.8,11.1,0,1,8,23.68,0
32.8,50.1,4,1703,5.1,12.9,16.8,0.4,0.3,0.1,1.6,12.0,0,1,1,28.49,1
27.7,56.0,6,952,7.7,9.7,16.1,1.1,1.5,6.3,1.0,10.2,1,1,5,28.07,1
29.3,95.0,1,2190,2.3,17.6,12.3,4.1,5.2,2.3,0.8,21.4,0,1,12,31.38,1
37.8,68.5,6,1472,2.3,5.7,22.2,1.1,1.8,4.4,2.2,8.5,0,1,8,29.49,1
37.1,75.9,2,1263,8.1,8.1,19.2,0.9,6.4,5.7,0.7,16.7,0,0,10,35.01,1
38.6,33.0,3,1957,5.1,10.4,16.5,1.3,4.0,6.2,0.2,15.9,1,1,1,30.26,1
35.7,56.6,3,1766,3.9,12.0,17.8,3.3,6.1,0.0,0.3,14.0,0,1,8,32.05,1
28.6,72.8,5,991,2.4,8.8,19.3,4.5,2.6,3.0,0.1,16.9,0,0,2,29.67,1
28.3,75.5,3,1407,3.5,10.2,10.3,1.5,4.9,3.9,1.4,28.2,0,0,9,32.88,1
21.2,84.1,2,1542,1.6,11.5,18.3,3.2,2.2,2.3,0.2,16.1,1,1,3,20.85,1
35.7,75.5,3,900,8.8,10.4,20.7,2.7,1.5,4.0,1.5,11.7,0,1,1,33.6,1
35.4,95.0,1,1240,2.4,13.3,19.7,0.7,0.4,5.8,2.2,11.0,0,1,4,26.7,1
40.4,79.7,5,1556,10.2,7.9,12.6,2.6,5.4,4.3,0.2,15.0,0,0,2,36.73,0
25.4,93.3,3,1062,3.4,4.3,16.4,2.3,2.4,4.1,0.6,12.9,0,1,8,23.12,1
37.9,59.0,2,963,2.2,6.7,22.8,0.3,5.6,4.5,0.5,23.3,0,0,4,28.18,1
32.1,75.0,5,1041,1.3,13.1,24.0,4.2,0.2,0.0,0.9,19.2,1,0,11,26.76,1
30.1,59.1,6,1803,2.8,11.8,17.1,4.7,2.4,5.8,0.6,22.1,1,0,4,29.62,1
30.7,76.8,1,1347,11.3,4.5,13.3,0.5,3.1,6.2,0.3,23.0,0,1,3,38.11,1
23.7,26.8,4,1085,1.1,11.8,24.0,0.3,3.3,3.5,1.9,21.3,0,1,8,30.08,1
29.1,49.4,2,1318,1.3,10.1,17.3,1.7,3.1,3.4,1.4,27.6,0,0,10,25.68,1
24.5,63.0,1,1151,2.9,8.9,24.0,1.3,5.6,0.1,0.7,4.7,0,0,11,19.0,0
27.0,60.6,3,1252,2.6,9.6,21.8,6.7,2.2,2.3,0.7,16.2,0,0,9,27.72,1
30.5,70.8,3,1236,1.6,10.7,24.0,0.3,4.4,5.1,2.5,28.3,1,1,6,26.7,1
27.1,59.1,3,1184,4.5,12.6,19.4,1.5,3.8,4.8,0.2,19.6,0,0,7,31.35,1
33.0,59.7,6,877,4.8,9.9,24.0,0.7,7.0,1.2,0.0,15.8,1,0,3,24.83,0
26.0,57.7,4,1417,2.3,11.8,19.6,3.6,5.4,3.3,1.4,12.9,0,0,1,24.39,0
26.7,90.2,4,1869,9.5,13.0,18.8,0.8,4.4,3.5,0.4,26.3,0,0,9,39.55,1
26.6,46.4,5,871,4.1,13.4,21.5,0.8,3.7,0.8,0.3,11.4,0,0,3,24.67,1
30.5,67.2,5,1299,2.4,11.8,18.8,3.7,3.5,7.2,0.6,23.8,0,0,1,32.43,1
30.8,79.2,4,1034,1.1,17.4,24.0,2.6,4.0,3.4,0.7,28.9,0,0,7,30.84,1
34.5,52.7,6,929,4.5,12.7,15.1,0.5,3.2,5.2,1.1,21.7,0,1,2,33.55,1
28.0,47.7,3,981,1.9,4.9,19.9,1.2,3.8,4.4,0.2,15.0,0,1,8,25.27,1
26.2,83.5,3,1359,2.3,6.1,22.3,3.0,10.1,4.7,1.0,16.9,0,1,11,31.04,1
31.0,66.5,4,1582,2.3,13.6,24.0,4.7,7.6,3.1,0.8,30.8,0,0,12,32.13,0
38.5,48.4,3,1139,3.6,9.1,14.1,3.8,3.2,0.0,0.9,18.3,0,1,1,26.37,0
34.0,92.8,6,1111,0.3,10.1,19.0,1.1,2.7,4.9,1.1,16.8,0,0,11,27.35,1
20.2,61.0,5,1260,1.6,11.4,17.2,2.9,1.4,5.0,0.5,23.6,1,0,10,24.16,1
30.1,66.0,1,705,4.4,9.2,19.0,0.5,0.0,2.0,2.1,9.4,0,0,1,19.82,0
27.6,85.8,2,1458,0.6,8.8,23.0,6.4,0.4,2.6,0.8,18.6,1,0,12,20.37,0
28.6,47.6,3,702,4.0,11.9,19.1,2.7,5.5,0.0,0.1,14.4,0,1,1,23.23,1
33.7,62.8,4,550,4.0,9.2,14.4,0.6,4.4,3.6,1.8,21.2,0,0,4,28.96,1
29.9,59.1,5,1771,0.6,10.5,18.0,4.8,4.3,0.3,0.2,21.1,0,0,10,26.35,0
29.1,79.7,6,1452,12.0,1.5,19.2,2.4,3.5,6.7,0.9,26.4,0,0,6,39.75,1
21.7,45.8,4,1344,5.2,12.1,17.3,3.7,2.3,3.7,0.1,22.7,0,1,6,27.69,0
29.1,74.5,2,1851,3.8,18.0,23.1,2.4,4.3,4.1,0.6,16.5,0,0,9,27.28,0
25.9,71.2,1,1370,0.7,11.6,14.4,2.4,6.1,5.8,1.7,20.0,0,0,7,26.35,1
30.9,72.8,2,1950,3.1,7.1,15.7,1.5,8.0,5.6,0.3,9.2,0,1,2,27.77,1
35.0,47.6,3,545,6.7,9.2,15.1,3.9,7.3,2.8,0.4,14.8,1,1,3,29.35,1
25.3,37.2,5,960,4.5,7.5,8.0,1.2,4.3,4.4,0.3,19.7,0,1,6,25.83,1
28.5,71.2,3,1476,4.6,7.3,15.7,1.0,1.4,0.0,0.4,19.9,0,1,1,22.18,0
32.7,84.3,2,839,7.7,14.2,13.6,1.1,2.5,6.1,1.1,9.1,0,1,1,29.35,1
21.5,81.9,6,1179,1.9,11.5,11.2,2.0,3.7,1.3,0.9,20.2,0,1,9,27.99,1
26.1,67.4,6,587,3.2,9.6,16.7,3.7,4.9,1.3,0.4,28.5,0,0,6,25.95,0
22.4,79.7,4,1587,1.2,13.3,18.4,1.0,5.3,0.9,0.8,19.7,1,0,12,25.58,1
26.5,91.9,6,745,9.4,5.6,21.0,3.9,2.5,0.9,1.6,18.3,0,0,3,29.13,0
29.1,67.2,2,1029,1.9,4.8,13.7,3.0,0.0,3.0,0.1,16.5,0,0,5,21.65,1
27.9,74.3,4,537,3.6,11.1,19.9,3.1,3.1,6.0,2.9,7.2,0,0,3,29.75,1
36.7,52.6,4,807,2.1,7.6,15.3,1.7,2.9,3.7,2.0,7.2,0,0,10,26.02,1
33.5,95.0,3,1299,9.5,10.6,20.0,1.9,1.5,2.6,0.1,25.4,0,0,6,35.29,1
30.5,53.0,5,1104,0.8,14.0,19.3,0.8,1.5,0.3,0.4,24.5,0,1,10,25.1,1
35.2,74.3,1,1401,2.1,9.4,19.2,3.1,4.2,2.4,0.3,16.2,0,1,1,26.3,1
39.1,63.1,2,1573,2.3,9.2,17.7,2.8,0.0,6.0,0.8,28.7,1,1,12,29.11,1
27.8,83.5,1,400,3.4,12.4,14.6,0.8,5.6,4.5,0.8,14.8,1,0,8,17.31,0
28.8,49.7,5,486,0.9,9.8,15.8,5.3,3.6,0.9,1.2,26.7,0,0,4,24.94,1
31.3,38.4,3,664,10.7,9.6,19.4,4.0,2.1,0.5,0.3,11.0,0,1,5,27.96,0
34.9,75.4,4,1942,2.4,12.2,15.0,0.2,4.2,1.6,3.7,16.9,0,0,5,31.29,1
19.6,46.7,4,1126,3.8,8.6,18.5,5.8,1.4,3.2,0.3,27.0,0,0,7,30.4,1
29.3,79.2,5,726,4.2,10.6,21.6,0.5,2.1,3.5,1.2,18.9,0,1,6,28.31,1
43.0,66.9,3,871,2.1,7.6,20.4,3.1,5.2,2.7,0.0,6.0,0,0,11,24.33,0
29.8,70.1,3,1676,4.5,13.9,11.1,3.3,1.3,3.5,1.1,12.5,0,1,5,31.43,1
39.3,48.2,5,1094,3.9,9.2,16.4,1.2,4.2,7.7,4.0,32.5,1,1,9,37.71,1
42.1,67.8,4,1381,5.4,10.8,17.9,6.8,1.4,1.6,2.0,22.4,0,1,6,40.39,1
33.6,63.9,2,974,1.5,10.0,24.0,4.3,4.7,3.2,0.7,21.7,0,1,5,28.74,1
41.3,77.0,2,1368,5.2,8.9,19.7,3.6,2.0,2.1,1.7,22.4,0,0,1,34.05,1
30.0,66.7,3,739,5.0,11.3,15.6,1.4,0.0,8.6,1.0,15.7,0,0,3,28.07,1
21.0,67.0,4,1139,2.3,3.8,17.3,1.2,0.1,0.6,2.5,33.1,1,1,6,27.94,1
27.4,78.3,1,601,3.6,6.6,24.0,5.1,2.4,0.1,1.0,22.7,0,0,7,26.42,1
37.2,89.2,6,1882,10.5,8.5,24.0,2.1,4.1,1.9,3.5,16.2,0,0,2,44.76,1
43.0,45.6,1,1405,1.7,4.2,18.8,0.1,4.6,7.0,2.3,16.1,0,1,6,30.84,1
32.8,59.4,2,728,9.4,9.0,20.8,1.8,1.9,3.6,3.2,19.2,1,1,5,30.33,1
21.7,73.5,5,1565,2.2,7.4,17.5,2.8,0.1,0.3,0.7,25.8,1,1,10,21.41,0
29.9,59.9,4,1229,2.8,9.3,20.7,1.1,5.0,3.0,0.3,6.2,0,1,5,22.97,1
19.8,49.2,3,1348,4.6,9.3,17.0,1.5,1.2,2.9,0.4,20.3,0,1,7,30.46,1
30.3,53.3,1,1183,1.0,11.3,17.8,1.4,3.9,3.7,0.5,23.2,0,0,10,24.79,1
38.0,62.5,4,441,2.7,14.0,16.0,1.1,3.7,1.5,0.8,30.1,1,0,12,26.99,1
25.2,63.8,6,1376,5.4,10.0,15.6,1.5,2.6,3.4,1.2,16.7,0,1,4,27.92,0
25.4,59.6,3,1208,2.8,6.7,22.4,3.7,1.4,1.2,1.3,22.7,0,0,10,27.83,1
27.5,78.1,2,1133,8.7,13.8,18.7,2.3,2.6,1.6,2.3,17.7,0,0,5,35.47,1
28.1,78.6,4,1060,0.4,9.8,10.6,0.1,3.4,1.5,2.5,25.7,1,1,5,24.08,1
32.8,70.5,3,680,9.7,12.5,24.0,3.8,4.1,3.9,1.0,4.0,0,1,11,30.38,0
31.6,49.0,5,1382,5.6,10.2,19.0,2.0,2.6,6.7,1.5,23.1,0,1,7,35.15,1
33.6,73.9,3,1301,2.6,9.5,17.5,0.4,3.5,7.0,1.5,6.4,1,0,2,24.22,1
24.8,47.4,5,1496,5.7,9.4,20.6,2.1,3.5,6.0,0.8,14.5,0,1,12,28.33,0
35.9,94.1,1,1217,4.4,8.9,18.5,1.7,0.5,1.2,1.3,13.2,0,0,12,24.14,0
33.1,52.3,6,1512,2.2,16.4,20.4,0.5,5.4,3.0,0.4,11.3,0,0,8,31.79,1
25.4,50.3,5,400,1.5,5.4,16.7,0.8,6.3,3.0,0.9,9.0,0,0,6,20.74,1
27.2,61.2,5,659,4.1,8.4,20.8,1.0,7.3,2.5,1.0,19.8,0,0,8,26.96,1
26.6,58.4,1,1414,5.1,4.3,13.0,1.6,4.7,3.4,0.2,13.5,0,1,7,23.45,1
21.1,41.2,2,1532,1.7,8.3,18.1,0.8,4.6,6.9,0.4,22.9,0,1,12,27.34,1
39.6,61.0,1,1595,1.2,3.6,15.9,2.3,4.9,3.2,1.8,11.8,1,1,11,27.35,1
33.0,77.7,5,655,3.2,10.3,24.0,3.2,3.3,3.3,2.4,19.1,1,0,11,26.15,0
30.2,48.7,4,1907,4.4,9.9,17.3,1.8,3.3,3.4,0.0,24.2,1,0,4,28.32,1
35.6,63.2,3,1462,5.7,9.0,15.9,1.8,3.9,4.7,1.2,14.3,0,1,12,34.67,1
29.0,52.4,3,1081,1.9,12.0,18.0,3.5,4.8,2.7,1.8,30.8,1,0,8,28.99,1
29.0,77.7,5,405,0.6,13.8,19.4,1.3,4.5,5.2,1.2,19.8,0,0,3,25.3,1
36.5,62.2,5,1202,7.6,8.5,19.2,0.5,5.9,2.6,0.5,24.0,0,0,5,36.0,1
24.6,49.9,6,872,1.3,9.8,19.0,1.4,3.1,4.7,0.3,23.8,0,1,8,29.32,1
25.4,46.8,4,901,4.8,7.6,23.1,1.1,0.8,3.9,0.4,23.6,0,1,7,25.07,1
21.3,65.3,1,1332,1.1,7.4,15.3,2.4,2.9,0.6,0.8,32.0,0,0,12,21.7,0
26.3,63.3,5,1215,5.4,16.0,16.9,2.4,1.1,3.1,0.4,14.1,0,0,1,27.82,1
35.0,88.2,1,1225,0.9,11.2,13.7,0.8,3.9,1.6,1.7,18.3,0,0,2,27.09,1
27.1,53.6,3,1175,2.4,9.2,15.8,3.8,4.7,5.2,0.7,8.4,0,0,6,18.91,0
37.5,71.5,3,1799,2.1,7.0,23.8,1.4,5.2,2.4,1.0,12.3,0,1,2,28.13,1
27.1,57.8,2,1569,2.8,10.5,16.7,0.4,2.9,4.4,2.6,18.1,1,1,4,24.84,1
30.8,46.7,6,864,2.4,8.3,19.5,1.1,0.9,1.1,0.9,30.5,1,0,7,26.63,1
24.3,55.9,4,1697,5.6,7.2,21.6,0.5,5.2,5.5,0.8,12.5,0,0,11,25.77,0
33.4,77.7,5,400,2.0,6.7,17.6,1.2,5.2,0.0,1.3,9.0,0,1,1,29.38,1
40.0,52.5,6,400,6.2,5.1,17.5,2.8,4.3,5.2,1.0,10.0,0,0,7,28.83,0
28.2,70.6,4,912,3.1,5.6,24.0,0.8,6.2,2.4,0.4,32.6,0,0,12,29.25,1
21.6,78.2,2,2708,5.2,12.8,24.0,1.0,1.7,2.1,1.3,17.5,0,1,6,34.04,1
29.2,70.9,6,1185,1.6,6.1,15.9,0.8,7.8,6.3,1.2,4.0,0,0,3,24.19,1
33.3,67.5,1,2050,1.4,8.8,15.5,1.0,5.0,3.4,0.3,28.0,0,1,12,30.12,1
25.5,83.0,3,1218,5.7,5.0,20.0,0.9,1.3,3.8,0.4,12.7,0,0,10,22.14,0
39.5,84.1,6,1609,1.9,9.0,20.3,2.2,2.0,3.1,0.9,8.2,0,0,5,27.06,0
23.1,41.3,5,400,3.8,11.3,22.5,0.6,2.4,3.9,0.9,16.9,0,0,1,24.15,1
32.6,64.2,2,1487,1.6,8.0,21.3,1.8,1.4,5.8,0.3,17.2,0,0,11,25.33,1
36.9,55.1,5,1278,2.0,9.9,14.2,1.5,0.0,2.8,1.5,21.7,0,1,3,28.43,1
31.2,57.1,1,1652,3.3,11.6,9.5,1.2,4.9,2.4,2.1,22.9,0,1,2,28.99,1
36.2,49.5,4,1454,0.6,10.4,23.5,3.6,1.2,5.0,0.3,20.7,0,1,9,29.62,1
32.1,56.7,1,691,1.6,7.7,23.3,2.2,5.3,0.0,1.2,16.9,0,0,1,20.34,0
27.5,93.1,1,1731,11.1,6.9,17.1,2.8,2.8,5.3,0.5,13.2,0,0,1,31.68,0
27.2,51.3,4,1548,5.9,6.8,12.9,4.7,3.7,1.3,0.7,4.5,0,1,1,24.41,0
39.0,76.4,4,1993,2.3,9.7,15.7,2.3,4.3,6.3,1.0,16.5,0,1,2,30.2,0
20.6,72.8,4,911,6.2,7.6,21.3,1.2,5.1,2.3,0.1,19.4,0,0,3,25.1,0
30.8,36.2,1,400,2.2,9.3,19.5,1.3,2.6,5.3,0.6,4.0,0,0,9,17.26,0
25.5,76.1,5,651,1.9,9.7,17.7,1.3,4.6,4.5,0.9,14.0,0,0,5,23.58,1
27.3,80.7,3,588,8.6,4.4,14.0,2.7,3.1,2.2,0.0,8.0,0,0,5,25.81,1
33.9,89.7,4,675,6.4,9.8,11.0,2.8,6.0,4.2,0.7,17.5,0,0,4,27.98,0
25.1,71.8,5,1604,6.7,12.7,10.1,0.7,1.4,4.0,0.4,21.8,0,1,11,32.87,1
21.6,88.2,5,604,3.1,11.4,14.1,3.2,2.7,3.7,0.8,15.7,0,0,12,22.44,0
35.6,68.0,4,754,5.2,9.5,19.0,1.2,4.5,6.5,3.6,11.1,0,1,6,31.59,1
35.9,79.9,1,1974,2.0,12.3,17.9,0.8,3.2,1.4,1.8,19.0,1,1,1,27.25,1
29.7,49.8,5,1191,2.7,12.4,15.4,1.4,3.8,0.0,0.4,8.8,0,1,8,24.4,1
24.9,53.9,1,1158,6.5,9.3,15.8,2.0,4.3,2.3,0.6,15.6,0,1,4,28.31,1
24.3,74.1,1,1303,5.4,8.6,12.3,0.6,2.5,2.1,0.9,12.2,0,1,4,22.45,1
31.1,41.6,5,2008,5.8,9.4,17.5,0.5,3.4,3.4,4.5,17.4,0,0,8,37.08,1
31.6,42.3,1,1723,4.9,10.3,16.6,3.5,3.8,3.2,2.4,21.9,0,1,6,36.38,1
31.9,75.3,4,1576,1.0,5.4,17.4,1.1,2.5,5.0,0.7,8.7,0,1,1,26.04,1
32.7,63.3,2,2007,6.5,8.2,20.5,1.1,5.6,0.0,1.6,24.5,0,0,11,34.26,1
29.3,50.6,6,1997,2.7,15.8,17.2,0.8,3.8,0.9,2.8,24.9,0,0,1,33.69,1
32.4,57.9,3,1668,4.6,8.3,22.3,0.4,1.1,6.4,1.2,12.2,1,1,9,27.97,1
29.1,54.0,6,1189,5.4,10.2,13.1,0.3,5.9,2.3,1.4,21.0,0,1,6,30.02,1
31.2,53.4,4,922,2.7,8.5,12.7,0.9,6.9,2.9,0.6,6.0,0,1,12,20.61,0
28.1,54.6,3,1204,1.8,8.5,13.4,0.9,1.1,2.3,0.4,9.3,0,1,8,20.3,1
30.8,55.8,4,1136,6.3,13.1,24.0,0.4,2.9,0.0,0.4,23.3,0,1,11,34.79,1
24.5,39.9,1,504,1.5,12.3,14.4,2.2,4.4,2.7,0.1,21.5,0,0,8,20.58,1
28.2,43.7,6,1424,7.5,10.9,18.1,2.3,2.1,1.1,0.2,4.0,0,0,7,24.72,0
23.4,66.9,6,1783,2.9,11.5,14.9,0.4,1.1,2.2,1.0,13.6,0,0,11,25.87,1
32.1,62.8,3,1824,2.9,10.6,24.0,1.2,1.0,5.3,1.0,21.5,0,0,9,26.96,0
26.2,48.1,5,1912,3.1,9.1,17.8,1.0,0.7,0.0,5.0,20.9,0,1,4,32.32,1
25.8,63.1,2,1501,7.7,7.7,11.5,0.3,3.3,5.0,0.8,25.9,0,0,5,32.78,1
25.9,70.1,3,1289,4.4,11.4,24.0,0.7,1.9,1.4,0.1,25.9,0,1,8,25.99,1
24.9,69.5,2,1815,1.7,10.8,24.0,0.4,7.8,0.7,1.4,36.7,0,1,3,27.93,1
24.3,56.2,1,789,2.3,10.8,17.8,2.0,5.7,1.1,2.5,23.8,1,0,9,24.8,1
32.1,66.6,4,1254,1.6,9.3,22.9,0.1,3.3,5.8,2.0,30.6,0,0,1,31.85,1
31.7,75.0,1,1305,0.5,8.4,21.5,4.1,3.5,0.1,0.3,21.2,0,0,12,23.34,1
33.8,69.1,1,2000,4.4,13.0,17.3,1.8,6.5,0.0,0.6,13.9,0,1,5,30.17,1
26.1,64.2,4,1668,0.9,6.8,13.1,0.6,2.8,7.1,0.3,24.8,0,0,2,25.11,1
30.5,54.1,4,1678,4.6,6.2,16.8,3.2,7.7,2.9,0.1,16.3,1,0,10,26.25,1
19.2,65.9,5,1799,4.5,10.6,23.7,4.2,8.1,3.5,0.9,19.6,0,1,1,33.1,1
33.7,61.8,6,995,0.5,5.4,24.0,3.1,7.4,3.4,0.8,6.2,0,1,6,26.36,1
24.0,77.8,6,1891,3.0,10.5,17.3,1.6,6.3,2.1,1.3,26.7,0,0,10,30.02,0
35.6,60.8,2,492,1.0,10.6,16.7,1.4,3.9,4.2,0.4,10.7,0,0,11,20.28,0
32.7,64.5,3,1413,2.9,3.8,18.7,3.2,2.4,0.0,2.0,29.1,1,0,4,29.39,1
39.8,51.9,3,1329,2.1,8.8,19.4,0.2,3.3,0.8,0.2,32.5,0,1,8,27.46,0
31.8,71.9,6,1123,4.8,8.1,18.6,3.8,2.5,4.5,0.3,17.1,0,0,1,30.4,1
25.9,71.3,3,1346,1.5,9.2,14.2,1.3,4.8,3.4,1.5,22.7,0,0,9,25.76,1
40.3,57.6,6,1383,3.6,5.3,18.5,1.5,0.8,2.7,0.1,29.2,1,1,8,30.6,1
35.8,69.8,5,1487,1.2,8.1,21.1,0.5,0.4,0.5,1.8,8.3,0,1,8,23.6,0
35.1,63.7,1,525,8.6,8.6,18.6,1.6,4.1,5.2,0.5,19.1,0,1,3,30.46,1
38.4,53.2,3,857,8.3,9.2,10.3,0.9,4.9,4.5,1.2,10.4,1,1,9,28.3,1
29.2,46.5,6,859,3.4,7.3,16.2,1.8,4.6,4.1,0.7,14.8,0,1,1,28.39,1
17.5,65.4,3,1286,0.4,12.2,18.3,3.8,4.3,7.5,0.7,21.8,1,0,9,26.13,1
28.3,51.5,1,1063,5.9,7.6,18.6,1.4,5.2,4.5,1.5,15.2,1,0,12,25.3,1
26.4,89.3,3,1557,2.9,10.8,11.0,3.4,4.8,1.3,2.8,26.2,0,1,6,31.21,1
32.6,78.6,2,634,2.5,10.3,18.9,2.8,3.9,4.1,1.7,18.6,0,1,4,28.64,1
27.4,65.9,5,1172,5.8,9.0,19.0,2.0,5.2,3.1,1.0,22.7,0,0,7,32.95,1
32.3,71.7,3,1724,0.5,8.3,10.4,0.8,1.3,3.0,0.3,18.0,1,0,4,19.82,0
25.1,76.0,2,1001,3.7,11.6,13.6,4.0,2.0,3.0,1.1,11.1,0,0,11,23.91,1
35.2,28.7,6,580,6.6,6.5,22.3,2.2,1.8,5.4,1.6,21.6,0,1,12,34.1,1
32.6,58.6,2,565,2.2,11.5,24.0,1.8,3.5,4.0,0.6,13.9,0,0,3,25.01,1
25.8,49.5,6,960,0.3,13.2,18.6,0.8,1.2,5.0,5.0,15.1,0,1,3,26.98,1
36.4,61.0,3,1550,2.3,10.2,23.0,5.2,8.0,1.0,0.7,30.4,0,1,8,35.08,1
37.2,37.7,4,1601,3.2,13.4,14.2,0.8,0.4,0.9,0.3,19.7,0,1,11,27.24,1
32.5,72.7,1,885,3.9,8.3,18.9,3.8,4.5,4.0,0.3,28.7,0,0,8,30.9,1
26.5,42.7,3,1431,0.6,7.1,14.1,1.7,5.9,4.8,1.0,18.4,0,0,7,24.83,1
31.3,68.8,1,791,5.3,5.7,20.5,0.8,4.4,3.0,0.1,18.6,0,1,11,22.67,0
30.0,72.2,6,850,9.6,9.7,22.1,0.3,3.9,3.4,0.7,11.2,0,0,6,33.25,1
27.2,49.6,6,1743,1.3,3.6,18.2,1.3,3.1,2.7,2.1,26.9,0,1,4,29.9,1
29.1,58.2,4,1166,1.9,4.9,16.4,2.0,3.9,3.0,0.6,21.0,0,1,1,29.55,1
28.7,54.4,4,955,3.1,13.4,12.3,1.5,3.1,0.0,2.2,26.7,0,1,12,25.71,0
22.3,58.6,4,1126,4.5,6.6,14.4,1.1,4.8,1.5,0.8,16.4,1,0,9,21.12,1
29.1,60.0,2,1556,2.0,10.1,16.4,1.0,3.8,3.7,0.4,12.8,0,0,8,25.27,1
23.9,51.3,2,1344,0.8,6.0,14.5,0.6,3.6,0.9,1.5,14.3,0,1,6,19.79,1
29.2,45.6,6,893,5.1,12.4,22.1,0.4,2.1,5.8,0.4,22.9,1,1,9,27.47,1
28.3,44.4,2,957,0.1,10.3,21.0,1.2,3.7,5.6,0.9,15.1,0,0,7,25.89,1
33.6,61.6,2,1358,1.0,6.6,20.7,3.9,7.1,1.2,0.1,14.3,0,1,12,22.56,0
26.9,74.6,2,2347,2.3,14.5,10.8,1.3,1.3,0.0,1.0,20.7,1,0,3,25.95,1
30.1,84.6,4,796,6.2,10.2,16.4,3.6,2.8,2.1,3.7,26.4,0,0,2,31.4,0
21.9,65.7,4,2217,2.3,13.0,15.6,0.2,2.1,3.9,0.3,18.1,0,0,9,27.59,1
35.3,64.2,1,880,4.1,10.6,18.6,2.1,3.9,4.3,5.0,4.0,0,0,7,27.46,1
40.3,69.7,3,1163,0.3,7.2,19.8,2.0,1.6,3.4,0.4,23.3,0,0,7,29.07,1
28.8,48.6,2,1868,9.2,7.1,22.5,0.5,2.7,3.2,0.3,14.9,1,1,12,28.18,1
32.0,77.7,3,1414,5.8,3.3,19.9,2.7,2.6,2.2,1.4,16.1,1,0,9,26.24,1
32.9,82.9,3,1105,4.6,13.8,20.8,1.6,6.6,4.7,0.7,11.0,0,1,8,32.29,1
28.5,56.1,4,1398,2.2,6.5,15.3,3.4,7.2,6.0,0.5,34.9,1,0,6,26.71,0
34.0,72.9,5,519,1.9,11.2,24.0,2.6,1.6,1.9,0.2,24.2,1,0,2,24.13,1
26.7,65.9,2,653,2.8,9.6,21.3,0.4,3.9,3.0,0.6,6.7,0,1,7,23.89,1
28.8,54.6,1,1749,2.4,10.4,22.4,2.1,6.6,0.0,0.2,16.5,0,1,5,25.27,1
29.0,77.2,5,976,3.3,6.8,19.5,2.0,3.7,4.7,0.8,14.5,0,1,5,27.99,1
26.3,59.1,4,836,6.7,9.5,19.2,0.8,4.5,3.8,0.0,12.1,0,1,4,27.84,1
22.3,73.9,3,1117,6.9,4.5,17.7,4.2,3.2,0.9,0.4,11.8,0,0,2,26.02,1
34.5,65.4,5,1608,1.1,11.5,18.8,5.0,3.3,0.5,0.5,21.3,0,0,8,32.72,1
30.0,52.7,5,2155,5.0,10.9,17.9,2.3,1.3,0.8,2.6,18.0,1,0,10,29.17,1
25.5,68.0,2,972,6.1,13.7,18.3,0.6,4.0,1.3,1.4,30.1,0,0,2,30.73,1
23.5,36.8,5,1276,1.2,14.4,9.4,2.6,2.4,3.2,0.6,12.1,1,1,2,22.91,1
28.6,73.3,3,1822,2.8,10.4,16.4,2.1,2.6,2.9,0.8,24.3,1,0,9,25.82,1
24.3,70.5,3,1403,2.4,7.8,22.3,2.6,2.4,5.2,1.0,20.6,0,0,3,23.57,0
32.0,75.4,2,1595,5.5,5.6,21.8,3.5,2.2,4.5,1.6,17.5,0,0,10,34.51,1
29.5,59.1,6,622,2.8,12.0,19.3,3.7,6.0,2.9,0.6,13.1,0,1,7,29.22,1
31.4,64.3,6,1112,2.9,8.9,12.1,2.1,3.8,0.0,5.0,18.1,1,0,8,28.89,1
34.6,68.5,4,1091,4.0,12.8,17.7,1.7,2.6,0.9,3.4,20.7,1,0,3,30.16,1
30.3,76.3,3,1550,2.6,14.5,21.8,4.6,4.5,3.4,1.1,18.9,0,1,3,31.44,1
32.4,82.8,1,1441,0.5,6.4,15.7,0.6,5.0,4.5,0.3,12.5,0,0,6,23.48,1
35.3,67.1,2,979,1.3,6.1,21.5,1.1,1.3,7.0,1.1,26.9,0,1,5,29.65,1
31.9,83.9,6,1405,0.4,12.9,16.8,1.1,8.6,2.1,0.7,28.6,0,0,7,32.07,1
17.8,57.9,1,1570,1.6,7.3,24.0,2.5,5.7,3.3,0.2,20.8,0,0,8,24.88,1
35.3,44.2,1,810,8.3,8.8,13.5,1.2,0.6,4.3,3.1,19.5,0,1,3,29.9,1
30.6,60.9,3,1845,3.8,15.0,21.6,3.0,4.2,0.0,0.7,13.9,0,0,10,28.76,1
32.2,49.3,3,1086,1.4,9.0,23.4,0.6,0.0,3.8,1.0,8.9,1,0,10,21.04,1
37.3,61.2,4,1383,8.2,9.1,15.2,1.4,1.4,4.8,2.1,18.9,0,1,8,40.24,1
28.3,59.6,5,1741,2.3,5.9,22.8,1.2,0.6,4.9,1.9,24.6,0,0,4,31.44,1
31.8,60.6,1,837,2.2,7.0,21.2,4.2,2.8,4.2,0.5,9.5,1,0,10,20.94,1
18.7,59.5,1,1667,8.9,8.6,20.3,1.5,2.6,5.2,4.6,19.6,0,1,1,33.56,1
37.0,45.4,5,959,5.7,12.2,16.6,2.5,0.0,2.5,0.9,10.2,0,0,2,30.83,1
29.0,61.1,1,1884,0.9,6.9,15.0,1.9,3.4,2.3,1.4,11.9,0,0,1,23.99,1
